Gay,Blues,Name,Type,Address,Latitude,Longitude,Description,Song,songName,Date,People Blues,Citations,Citations,Citations,,,,,,,,,,,,,,,,,
,Yes,Chess Records,Label,2120 S Michigan Ave,41.85397,-87.62444,,mitty.mp3,"<i>I Had A Talk With My Man</i>, Mitty Collier",May 1957 - 1965,,,,,,,,,,,,,,,,,,,,,
,Yes,Chess Records,Label,320 E 21st St,41.85503,-87.619437,,tellmama.mp3,"<i>Tell Mama</i>, Etta James",Mid 60s - ?,,,,,,,,,,,,,,,,,,,,,
,Yes,Aristocrat Records,Label,4750 S Cottage Grove Ave,41.80851,-87.606621,"The nascent Chess Records. Aristocrat was originally formed in 1947 by Charles and Evelyn Aron, but soon became associated with the Chess brothers as Leonard and then Phil bought shares in the company. By early 1950, they had bought the other owners out entirely and changed the label's name to Chess Records.",muddysatisfied.mp3,"<i>I Can't Be Satisfied</i>, Muddy Waters",p1950 (?) - 1957,Leonard Chess,,,,,,,,,,,,,,,,,,,,
,Yes,Vee Jay Records,Label,412 E. 47th,41.81016,-87.615552,,goodnite.mp3,"<i>Goodnite, Sweetheart, Goodnite</i>, The Spaniels",beg. Late 1953,,,,,,,,,,,,,,,,,,,,,
,Yes,Vee Jay Records,Label,2129 S. Michigan Avenue,,,,wheelanddeal.mp3,"<i>Wheel and Deal</i>, John Lee Hooker",1955 - 1960,,,,,,,,,,,,,,,,,,,,,
,Yes,Vee Jay Records,Label,1449 S Michigan Ave,,,,dukeofearl.mp3,"<i>Duke of Earl</i>, Gene Chandler",1960 - 1966,,"Clayman, A. (2022, February 11). Vee-Jay Records, est. 1953 - made-in-chicago museum. Made. https://www.madeinchicagomuseum.com/single-post/vee-jay-records/",,,,,,,,,,,,,,,,,,,
,Yes,Restvale Cemetary,Other,11700 S. Laramie,41.68055,-87.750552,,,,,,,,,,,,,,,,,,,,,,,,,
,Yes,Pilgrim Baptist Church,Religious,3301 S Indiana Ave,41.83496,-87.621334,"After it opened its doors to the congregation in 1922, the Pilgrim Baptist Church quickly became known as the <i>birthplace of gospel music</i> under the leadership of music director Thomas Dorsey (also known as the Father of Gospel Music) who remained in that position for decades. Dorsey would compose thousands of songs and arrangements over his lifetime, but he is perhaps most famous for the song <i>Take My Hand, Precious Lord</i>, which he wrote after the death of his wife.<br><br>Just as the genre of the blues, however, was inextricably formed and shaped by its more spiritual sister, gospel can trace its roots back to a deeply-intertwined relationship with the blues as well. Before Dorsey was the Father of Gospel, he was a bluesman in Georgia -- and then a bluesman in Chicago.<br><br>He performed under the moniker 'Georgia Tom' with similarly-named Tampa Red, and as a part of this collaboration the two of them released <i>It's Tight Like That</i>, one of the songs that kicked off the hokum genre. However, Dorsey ultimately quit the blues in favor of focusing his musical efforts on gospel. Under his direction, Pilgrim Baptist Church became host to a whole generation of gospel greats including--most notably--Mahalia Jackson.",tdorseybap.mp3,"<i>Take My Hand Precious Lord</i>, Thomas Dorsey",,,,,,,,,,,,,,,,,,,,,,
,Yes,Apartment that Elmore James first resided in Chicago in the early ’50s.,Residential,4714 S. Evans,41.80908,-87.608072,,dustmy.mp3,"<i>Dust My Broom</i>, Elmore James",,,,,,,,,,,,,,,,,,,,,,
,Yes,Big Bill Broonzy’s apartment,Residential,west side of King Drive just south of 47th,41.80935,-87.61653,Big Bill Broonzy was a pioneer of what would become the Chicago blues.,houserent.mp3,"<i>House Rent Stomp</i>, Big Bill Broonzy",,,,,,,,,,,,,,,,,,,,,,
,Yes,Big Walter Horton’s home in the ’60s and ’70s,Residential,3417 S. Giles,41.83267,-87.619006,,sneakin.mp3,"<i>Sneakin' And Hidin', Pt. 2</i>, Johnny Shines with Big Walter Horton",,,,,,,,,,,,,,,,,,,,,,
,Yes,Billy Boy Arnold’s House,Residential,89th and Cregier,41.73402,-87.580427,,wishyou.mp3,"<i>I Wish You Would</i>, Billy Boy Arnold",,,,,,,,,,,,,,,,,,,,,,
,Yes,"Bob, Dave, and Louis Myers first residence in Chicago",Residential,3946 S. Indiana,41.82298,-87.621928,,meanoldworld.mp3,"<i>Mean Old World</i>, Little Walter",,,,,,,,,,,,,,,,,,,,,,
,Yes,Dave Myers’ house,Residential,1301 E. 72nd,41.76414,-87.593246,The first bluesman to adopt the electric bass!,boogie.mp3,"<i>Dave's Boogie Guitar</i>, Dave Myers",,,,,,,,,,,,,,,,,,,,,,
,Yes,Homesick James Williamson’s home,Residential,1503 N. Wieland,41.90966,-87.635473,,homesick.mp3,"<i>Homesick</i>, Homesick James Williamson",,,,,,,,,,,,,,,,,,,,,,
,Yes,Howlin Wolf’s House,Residential,829 E. 88th,41.73508,-87.603556,,smokestack.mp3,"<i>Smokestack Lightnin'</i>, Howlin' Wolf",,,,,,,,,,,,,,,,,,,,,,
,Yes,Junior Wells and Buddy Guy’s House,Residential,1 E 72nd,41.76388,-87.624801,,snatch.mp3,"<i>Snatch It Back And Hold It</i>, Junior Wells and Buddy Guy",,,,,,,,,,,,,,,,,,,,,,
,Yes,Little Milton’s House,Residential,88th and Ridgeland,41.73202,-87.780511,,whoscheating.mp3,"<i>Who's Cheating Who?</i>, Little Milton",,,,,,,,,,,,,,,,,,,,,,
,Yes,Little Walter’s apartment,Residential,8125 S. Vernon,41.74738,-87.613363,,mybabe.mp3,"<i>My Babe</i>, Little Walter",,,,,,,,,,,,,,,,,,,,,,
,Yes,Louis Armstrong & Lil Hardin House,Residential,421 E 44th St,41.81521,-87.615681,,clipjoint.mp3,"<i>Clip Joint</i>, Lil Hardin Armstrong",,,,,,,,,,,,,,,,,,,,,,
,Yes,Muddy Waters Apartment,Residential,1851 W 13th St,41.86556,-87.672589,,,,,,,,,,,,,,,,,,,,,,,,,
,Yes,Muddy Waters House,Residential,4339 S Lake Park Ave,41.81648,-87.597743,,,,,,,,,,,,,,,,,,,,,,,,,
,Yes,Muddy Waters’ first temporary residence in Chicago,Residential,3652 S. Calumet Ave.,41.82792,-87.61853,,,,,,,,,,,,,,,,,,,,,,,,,
,Yes,Otis Rush’s Apartment,Residential,4803 S. Indiana,41.80804,-87.62102,,doubletrouble.mp3,"<i>Double Trouble</i>, Otis Rush",,,,,,,,,,,,,,,,,,,,,,
,Yes,Otis Rush’s House,Residential,1411 E 72nd,41.7641,-87.590438,,gamblers.mp3,"<i>Gambler's Blues</i>, Otis Rush",,,,,,,,,,,,,,,,,,,,,,
,Yes,Sonny Boy Williamson’s House,Residential,3226 S. Giles,41.83617,-87.619382,,onhome.mp3,"<i>Bring It On Home</i>, Sonny Boy Williamson",,,,,,,,,,,,,,,,,,,,,,
,Yes,Sunnyland Slim’s apartment and rehearsal space in the ’40s and ’50s,Residential,216 E. 31st St.,41.83854,-87.621618,,badtimes.mp3,"<i>Bad Times (Cost of Living)</i>, Sunnyland Slim",,,,,,,,,,,,,,,,,,,,,,
,Yes,Tampa Red House,Residential,3432 S State St,41.83177,-87.627149,,detroit.mp3,"<i>Detroit Blues</i>, Tampa Red",,,,,,,,,,,,,,,,,,,,,,
,Yes,Tampa Red’s basement apartment,Residential,227 E. 31st,41.83834,-87.62099,,tightlikethat.mp3,"<i>It's Tight Like That</i>, Tampa Red and Georgia Tom",,,,,,,,,,,,,,,,,,,,,,
,Yes,The home in 1968 of Little Walter,Residential,209 E. 54th St,41.7965,-87.620542,,bomuddywal.mp3,"<i>I'm A Man</i>, Bo Diddley, Little Walter, and Muddy Waters",,,,,,,,,,,,,,,,,,,,,,
,Yes,648 Club,Venue,648 E. 47th,41.80989,-87.609664,"Not a lot of information about this club still exists, but it seems to have been a possible location for Al Capone's business in the neighborhood. Rooosevelt Sykes had regular gigs here.",44b.mp3,"<i>44 Blues</i>, Roosevelt Sykes",Late 1940s - early 1950s,Roosevelt Sykes,,"Chicago Tribune 23 Mar 1951, page 2. Historical Newspapers from 1700s-2000s - Newspapers.com. (n.d.-l). https://www.newspapers.com/image/370496266/?terms=%22648+Club%22+&match=1",,,,,,,,,,,,,,,,,,
,Yes,708 Club,Venue,708 E. 47th,41.80993,-87.608574,"Big names in on the Chicago blues scene like Memphis Minnie & Little Son Joe, Tampa Red, Billy Boy Arnold played here. This is also the site of Muddy Waters and Buddy Guy's first meeting -- not inside, but outside the club.",,,1940s and 50s,Buddy Guy met Muddy Waters [outside] here -- all the blues top names played here,"Shurman, Richard, et al. “Historic Locations.” ChiBlues, 2021, chiblues.com/historic-locations/. Accessed 28 Apr. 2023.",,,,,,,,,,,,,,,,,,,
,Yes,"Ada’s Lounge & Chicken Shack (later known as Rocket Show Lounge in the mid ’50s, and later still as The Del Morocco)",Venue,5114 S. Prairie Ave,41.80166,-87.619615,"Muddy Waters, Little Walter Jacobs, Elmore James, Hound Dog Taylor, Billy Boy Arnold, and Junior Wells all played gigs here in the late 1950s.",,,1950s,Muddy Waters,,"Shurman, Richard, et al. “Historic Locations.” ChiBlues, 2021, chiblues.com/historic-locations/. Accessed 28 Apr. 2023.",,,,,,,,,,,,,,,,,,
,Yes,Annex Café,Venue,2300 S. State,41.85111,-87.6273,"The outdoor area opened in the summer of 1934 at 2840 S. State, with the indoor area opening in October of 1934. Other sources refer to it as the Annex buffet.",,,1934 - ?,Chippie Hill,"Shurman, Richard, et al. “Historic Locations.” ChiBlues, 2021, chiblues.com/historic-locations/. Accessed 28 Apr. 2023.",,,,,,,,,,,,,,,,,,,
,Yes,Basin Street Club,Venue,6312 S. Cottage Grove,41.78053,-87.606383,,,,,"Eddie ""Cleanhead"" Vinson, Willie Mabon, Bo Diddley",,,,,,,,,,,,,,,,,,,,
,Yes,Birdland Club,Venue,6412 S. Cottage Grove,41.77845,-87.606304,,,,,"Lowell Fulson, Johnny ""Guitar"" Watson",,,,,,,,,,,,,,,,,,,,
,Yes,Brady’s,Venue,4719 South Parkway,,-87.615802,,,,,,,,,,,,,,,,,,,,,,,,,
,Yes,Brookmont Club aka The 110 Club in the Brookmont Hotel,Venue,110 E. 40th St.,41.82267,-87.622954,,,,,"Little Walter + the Aces, Muddy Waters",,"07 Jul 1926, 15 - Chicago Tribune at Newspapers.com",,,,,,,,,,,,,,,,,,
,Yes,C & T Lounge,Venue,"On the east side of Prairie Ave., just south of 22nd St.",41.82267,-87.622954,,,,,"Junior Wells, Tampa Red, The Aces",,,,,,,,,,,,,,,,,,,,
,Yes,Cabin Inn,Venue,3119 S Cottage Grove Ave,41.84017,-87.61341,"This was the first location of this venue, with the second location opening in 1938 at 3520 S State.",,,1934 - 1940?,,"Sukie, D. la C. S. (2012). Chicago whispers a history of LGBT Chicago Before stonewall. University of Wisconsin Press.","The Cabin Inn, Chicago. (1970, January 1). https://zagria.blogspot.com/2013/08/the-cabin-inn-chicago.html",,,,,,,,,,,,,,,,,,
,Yes,Cadillac Baby’s Show Lounge,Venue,624 E. 47th,41.81013,-87.610493,"The venue was opened by Narvel Eatmon, who was also known as Cadillac Baby. He started Bea & Baby Records in 1955 and the establishment was forced to close because of urban renewal project.",,,1940 - 1960s,"Long list, Cadillac Baby","Bill KoppBill Kopp is a music journalist. (2019, July 27). Welcome to Cadillac Baby’s Show Lounge. Rock and Roll Globe. https://rockandrollglobe.com/blues/welcome-to-cadillac-babys-show-lounge/","Nettles, A. (2019, April 29). How my grandparents helped shape Chicago’s blues industry. NPR. https://www.npr.org/local/309/2019/04/29/717570123/how-my-grandparents-helped-shape-chicago-s-blues-industry",,,,,,,,,,,,,,,,,,
,Yes,Castle Rock,Venue,SE corner of 53rd and Princeton,41.79867,-87.633125,,,,1950s,Long list,,,,,,,,,,,,,,,,,,,,
,Yes,Chorpus Christi Auditorium,Venue,4600 S. King Drive,41.8117,-87.617262,"This venue hosted ""Mckie's Variety Show"" in 1954, which featured a variety of talent.",,,1950s,"Muddy Waters, Little Walter, Eddie Boyd","Shurman, Richard, et al. “Historic Locations.” ChiBlues, 2021, chiblues.com/historic-locations/. Accessed 28 Apr. 2023.",,,,,,,,,,,,,,,,,,,
,Yes,Club Arden,Venue,1368 E. 63rd St.,41.78115,-87.592595,This venue was sold in 1961 due to the owner's illness. It transferred management and kept operating through the 1960s.,,,1950s and 1960s,,"Chicago Tribune 20 Nov 1959, page 20. Historical Newspapers from 1700s-2000s - Newspapers.com. (n.d.-o). https://www.newspapers.com/image/370884835/?terms=%22Club+Arden%22&match=1","Chicago Tribune 07 Apr 1961, Page 21. Historical Newspapers from 1700s-2000s - Newspapers.com. (n.d.-h). https://www.newspapers.com/image/374751857/?terms=%22Club+Arden%22&match=1",,,,,,,,,,,,,,,,,,
,Yes,Club DeLisa,Venue,4708 S. Dearborn,41.80981,-87.627249,This club moved locations due to a fire.,,,1933 - 1941,Memphis Minnie,"Suburbanite economist 30 Apr 1941, Page Page 24. Historical Newspapers from 1700s-2000s - Newspapers.com. (n.d.-w). https://www.newspapers.com/image/54376844/?terms=%22club+delisa%22&match=1","Chicago World 02 Mar 1935, Page 7. Historical Newspapers from 1700s-2000s - Newspapers.com. (n.d.-r). https://www.newspapers.com/image/668661110/?terms=%22Club+DeLisa%22&match=1","Suburbanite Economist 23 Dec 1942, Page Page 9. Historical Newspapers from 1700s-2000s - Newspapers.com. (n.d.-v). https://www.newspapers.com/image/54312304/?terms=%22Club+DeLisa%22&match=1",,,,,,,,,,,,,,,,,
,Yes,Coral Club,Venue,1378 E. 63rd St.,41.78112,-87.592178,"""Blue Monday"" Parties were advertised.",,,1950s,,,,,,,,,,,,,,,,,,,,,
,Yes,Cotton Club,Venue,6249 S. Cottage Grove,41.78132,-87.606057,,,,1950s,"Magic Sam, Muddy Water, Little Hudson, Big Boy Spires",,,,,,,,,,,,,,,,,,,,
,Yes,Crown Propeller Lounge (a/k/a The Propeller Lounge),Venue,868 E. 63rd St.,41.78098,-87.612437,Musicians like Amos Milborn and Big Joe Turner played here.,,,1941 - Late 1950s,"Amos Milborn, Big Joe Turner","Suburbanite Economist 13 Aug 1941, Page Page 44. Historical Newspapers from 1700s-2000s - Newspapers.com. (n.d.-t). https://www.newspapers.com/image/54380911/?terms=%22Propeller+Lounge%22&match=1",,,,,,,,,,,,,,,,,,,
,Yes,Florence’s,Venue,54th and Shield,41.79571,-87.634362,"“I only went there once, on a Sunday afternoon. The place was jammed with folks in their Sunday best, someone tried to pick up my girlfriend, and the pigs feet sandwiches sold outside could be eaten inside the club. I’m pretty sure we heard Magic Slim and the Teardrops. Two small notes: I’m also pretty sure that the music began much earlier than three, and I’m positive I visited in the early 80’s, probably ’83 or ’84.” This is a quote from a resident who frequented the club when it was active. ",,,1960s,"Magic Slim, Hound Dog Taylor","Florence’s Lounge & Liquors. Florence’s Lounge & Liquors -. (2021, September 30). https://chibarproject.com/reviews/florence/",,,,,,,,,,,,,,,,,,,
,Yes,Flying Fox,Venue,69th and Halsted,41.7695,-87.644563,,,,,,,,,,,,,,,,,,,,,,,,,
,Yes,Frader’s Juke Box Lounge,Venue,830 E. 43rd St,41.81774,-87.605623,,,,1950s,"Eddie Boyd, King Kolax",,,,,,,,,,,,,,,,,,,,
,Yes,George Wood’s Tempo Tap (sometimes referred to as “Timber Tap”),Venue,217 E. 31st St.,41.83884,-87.621102,,,,,,,,,,,,,,,,,,,,,,,,,
,Yes,Harlem Café,Venue,350 E. 51st St,41.8029,-87.617636,The cafe was later renamed The Savannah Club.,,,1930s- ?,"Lil Mason, Cool Breeze, Roosevelt Sykes","Chicago Tribune 05 Sep 1993, page 156. Historical Newspapers from 1700s-2000s - Newspapers.com. (n.d.-d). https://www.newspapers.com/image/418387324/?terms=%22Harlem+Cafe%22&amp;match=1",,,,,,,,,,,,,,,,,,,
,Yes,Harmonia Hotel,Venue,30th and Indiana,41.84033,-87.622086,,,,,,,,,,,,,,,,,,,,,,,,,
,Yes,Hob Nob Lounge,Venue,5200 S. Wentworth Ave,41.8004,-87.630825,,,,,,,,,,,,,,,,,,,,,,,,,
,Yes,Hollywood Rendezvous,Venue,3849 S. Indiana,41.82485,-87.621417,,,,,,,,,,,,,,,,,,,,,,,,,
,Yes,I Spy,Venue,500 block of 63rd,41.78077,-87.612946,,,,,,,,,,,,,,,,,,,,,,,,,
,Yes,Jimmy’s Palm Garden,Venue,804 E. Oakwood,41.8234,-87.606876,,,,,,,,,,,,,,,,,,,,,,,,,
,Yes,Joe’s Deluxe Club,Venue,6323 S. King Drive,41.78023,-87.615533,"This was one of the South Side's ""premier pansy parlors.""",,,p1939-1955,Lonnie Johnson,"Sukie, D. la C. S. (2012). Chicago whispers a history of LGBT Chicago Before stonewall. University of Wisconsin Press.",,,,,,,,,,,,,,,,,,,
,Yes,Joe’s Los Angeles Show Bar,Venue,6223 S. Cottage Grove,41.78198,-87.605545,,,,1935-1950s,"Rhythm Willie, Jo Jo Adams, Joe Williams",,,,,,,,,,,,,,,,,,,,
,Yes,Josephine’s,Venue,76th and Halsted,41.75663,-87.644155,,,,,,,,,,,,,,,,,,,,,,,,,
,Yes,Kid Riviera’s Barrelhouse Lounge (a/k/a The Barrelhouse Lounge,Venue,"south side of 51st St., a few doors west of Michigan Ave",41.80236,-87.622747,Several musicians were employed here between 1955-1956.,,,Mid-1950s,"Billy Boy Arnold, Little Walter Jacobs, Jimmy Walker, Mighty Joe Young",,,,,,,,,,,,,,,,,,,,
,Yes,L & D Lounge,Venue,335 W. 71st St.,41.76566,-87.633438,The building burned down in a fire in 1958.,,,1950s,Clear Waters and L.C. McKinley,"Chicago Tribune 05 Dec 1958, page 1. Historical Newspapers from 1700s-2000s - Newspapers.com. (n.d.-c). https://www.newspapers.com/image/370750554/?terms=%22L+%26+D+Lounge%22&amp;match=1",,,,,,,,,,,,,,,,,,,
,Yes,Lee’s Lounge,Venue,1800 S. Michigan,41.85838,-87.624409,,,,,,,,,,,,,,,,,,,,,,,,,
,Yes,Macomba Lounge,Venue,3905 S Cottage Grove Ave,41.82327,-87.607155,"Macomba Lounge was opened by Leonard Chess in the 1940s. He bought a liquor store with a bar and a jukebox, which turned into Macomba Lounge and featured lively music. The lounge was a favorite in Chicago's black belt.",,,1940s,,"Chicago Tribune 19 May 2000, Page page 67. Historical Newspapers from 1700s-2000s - Newspapers.com. (n.d.-k). https://www.newspapers.com/image/169547072/?terms=%22Macomba+Lounge%22&amp;match=1",,,,,,,,,,,,,,,,,,,
,Yes,Maxwell St Market,Venue,,41.87178674,-87.64405343,"The Maxwell Street Market was officially recognized by the city of Chicago in 1912. In the 1930s and 1940s, it was widely known as a hotspot for blues and jazz musicians and this is where the genre of Chicago Blues originated. It was moved to Desplaines Street in 2008 and continues to be an active market to this day.",,,1912 - Present,,"Britton, C. (2023, January 13). The Chicago Blues Sound of the Maxwell Street Market. Illinois Highlights. https://www.library.illinois.edu/idhh-highlights/index.php/2022/02/22/the-chicago-blues-sound-of-the-maxwell-street-market/",,,,,,,,,,,,,,,,,,,
,Yes,McKie’s Disc Jockey Lounge,Venue,6325 S. Cottage Grove,41.78026,-87.605523,"McKie's hosted masc womens ""Fancy Pants Night,"" as well as cast parties for Jewel Box Revue. The lounge was opened in 1956 by McKie Fitzhugh (a disc jockey) and it hosted blues performers such as Little Walter, Muddy Waters, and Mike Bloomfield. It was located in the Strand Hotel and was closed in the late 1960s following the neighborhood's decline.",,,1956 - Late 1960s,"Little Walter, Muddy Waters, Mike Bloomfield",,History in woodlawn. Domu. (n.d.-a). https://www.domu.com/chicago/neighborhoods/woodlawn/history-in-woodlawn,,,,,,,,,,,,,,,,,,
,Yes,"Metropolitan Theater, a/k/a The Met",Venue,4644 S. King Drive,41.81049,-87.617332,"The theater was opened in 1917 and hosted musicians such as Cab Calloway, Bessie Smith, Victoria Spivey, and Louis Armstrong. Blues musicians were particularly popular in the 1920s and 1930s. The theater began to decline in the 1990s and it was torn down in 1997.",,,1917 - 1997,"Cab Calloway, Bessie Smith, Victoria Spivey, and Louis Armstrong",Metropolitan Theatre. Cinema Treasures. (n.d.-b). http://cinematreasures.org/theaters/2635,,,,,,,,,,,,,,,,,,,
,Yes,Pelican Lounge,Venue,416 E. 61st St.,41.78459,-87.615147,,,,1971 -,Junior Wells,,,,,,,,,,,,,,,,,,,,
,Yes,Pepper's Lounge,Venue,503 E 43rd St,41.81685,-87.613974,,,,1956 - 1971,"Muddy Waters, Otis Rush",Historic locations. ChiBlues. (n.d.). https://chiblues.com/historic-locations/,,,,,,,,,,,,,,,,,,,
,Yes,Pepper's Lounge,Venue,1321 S Michigan Ave,41.86571,-87.624057,"Howlin' Wolf, Muddy Waters, Junior Wells, and James Cotton played here.",,,1971 - ?,"Howlin' Wolf, Muddy Waters, Junior Wells, and James Cotton","Shurman, Richard, et al. “Historic Locations.” ChiBlues, 2021, chiblues.com/historic-locations/. Accessed 28 Apr. 2023.",,,,,,,,,,,,,,,,,,,
,Yes,Plantation Club,Venue,"on the north side of 31st St., two doors east of Giles Ave.",41.83908,-87.619092,"Described as a black-and-tan club, this club featured a variety of shows and live music, with notable musicians such as Boyd Atkins.",,,1930s - ?,Boyd Atkins,"Suburbanite economist 27 Aug 1941, Page page 28. Historical Newspapers from 1700s-2000s - Newspapers.com. (n.d.-q). https://www.newspapers.com/image/54381375/?terms=%22Club+Plantation%22&amp;match=1 ","“Chicago Tribune 05 Sep 1993, Page 156.” Historical Newspapers from 1700s-2000s - Newspapers.Com, www.newspapers.com/image/418387324/?terms=%22Harlem+Cafe%22&amp;match=1. Accessed 25 May 2023.",,,,,,,,,,,,,,,,,,
,Yes,Playroom Lounge (in the Pershing Hotel),Venue,6400 S. Cottage Grove,41.77914,-87.606592,Notable musicians who played here were Muddy Waters and Memphis Slim.,,,1940s - ?,,"Chicago Tribune 05 Sep 1993, page 156. Historical Newspapers from 1700s-2000s - Newspapers.com. (n.d.-c). https://www.newspapers.com/image/418387324/?terms=%22Harlem+Cafe%22&match=1",,,,,,,,,,,,,,,,,,,
,Yes,Porter’s,Venue,59th and Halsted,41.78771,-87.644925,,,,,,,,,,,,,,,,,,,,,,,,,
,Yes,Regal Theater,Venue,47th and King Drive,41.80979,-87.614353,"The Regal Theater was well-known for being Chicago's premiere entertainment venue that catered primarily to African Americans. Renown musicians such as Cab Calloway and Louis Armstrong performed here. The theater featured live music shows, film showings, and live stage shows. It was described as a very lavish establishment, with tall columns, plush carpeting, and velvet drapes. The theater's closing eventually helped lead to the neighborhood's decline.",,,1928 - 1973,,Regal theater. (n.d.). http://www.encyclopedia.chicagohistory.org/pages/3211.html,Regal theater. Cinema Treasures. (n.d.). http://cinematreasures.org/theaters/992,,,,,,,,,,,,,,,,,,
,Yes,"Ricky’s Show Lounge, a/k/a Mel’s Hideaway",Venue,3945 S. Indiana,41.82286,-87.621283,,,,,,,,,,,,,,,,,,,,,,,,,
,Yes,Ritz Hotel,Venue,3949 S. King Drive,41.823,-87.616765,"The first floor featured the Ritz Blue Room, where musicians such as Clarence ""Gatemouth"" Brown, Rhythm Willie, and Eddie ""Cleanhead"" Vinson.",,,1940s -,,"Shurman, Richard, et al. “Historic Locations.” ChiBlues, 2021, chiblues.com/historic-locations/. Accessed 28 Apr. 2023.",,,,,,,,,,,,,,,,,,,
,Yes,Roberts Show Club,Venue,6620 S. King Drive,41.77469,-87.615809,"Herman Roberts opened the Show Club in 1957 and it featured a variety of jazz, blues, and pop shows. Musicians like Dinah Washington, Brook Benton, and Ruth Brown performed here. The club was also home to the Jewel Box Revue.",,,1957 - 1960s,,"Chicago Tribune 07 Apr 1957, page 199. Historical Newspapers from 1700s-2000s - Newspapers.com. (n.d.-a). https://www.newspapers.com/image/371301336/?terms=%22Roberts+Show+Club%22&amp;match=1","Chicago Tribune 19 Feb 1967, page 132. Historical Newspapers from 1700s-2000s - Newspapers.com. (n.d.-b). https://www.newspapers.com/image/376230193/?terms=%22Roberts+Show+Club%22&amp;match=1",,,,,,,,,,,,,,,,,,
,Yes,Rock & Roll Lounge,Venue,532 W. 63rd St.,41.78078,-87.638824,"Musicians like Billy Boy Arnold, Mighty Joe Young, and Otis Rush played here in the late 1950s.",,,1959 - ?,,"Shurman, Richard, et al. “Historic Locations.” ChiBlues, 2021, chiblues.com/historic-locations/. Accessed 28 Apr. 2023.",,,,,,,,,,,,,,,,,,,
,Yes,Rose & Kelly’s,Venue,two locations near 39th and Indiana,41.82431,-87.621509,,,,,,,,,,,,,,,,,,,,,,,,,
,Yes,Ruby Luca’s Gay Spot Club,Venue,2711 Wentworth,41.84463,-87.631602,"Also listed as Tiny and Ruby's Gayspot Lounge. Ernestine Davis and Ruby Lucas, the owners of the club, were romantically involved. Ruby Luca's Gay Spot Club notably had an outdoor dance pavillion, and was most known not as a blues club but as a queer club in the South Side.",,,1954-?,,,,,,,,,,,,,,,,,,,,,
,Yes,Sam & Gussie’s Lounge,Venue,3022 S. Cottage Grove,41.83998,-87.614581,"Johnny Jones, L.C. McKinley, and Odie Payne played here in the early 1950s.",,,,,,,,,,,,,,,,,,,,,,,,
,Yes,Savoy Theater/Ballroom,Venue,47th and King Dr.,41.81009,-87.616374,The Savoy Theater housed the Vee Jay Records offices in the mid 1950s.,,,1927 - ?,,"Shurman, Richard, et al. “Historic Locations.” ChiBlues, 2021, chiblues.com/historic-locations/. Accessed 28 Apr. 2023.",,,,,,,,,,,,,,,,,,,
,Yes,Smitty’s Corner,Venue,3456 S. Indiana,41.8319,-87.621857,"Musicians like George Buford, Elmore James, and Sunnyland Slim played here in the 50s and 60s.",,,1946 - ?,"George Bufurd, Muddy Waters, Elmore James, Sunnyland Slim","Shurman, Richard, et al. “Historic Locations.” ChiBlues, 2021, chiblues.com/historic-locations/. Accessed 28 Apr. 2023.","Chicago Tribune 20 May 2000, Page Page 23. Historical Newspapers from 1700s-2000s - Newspapers.com. (n.d.). https://www.newspapers.com/image/169553291/?terms=%22Smitty%27s+Corner%22&match=1",,,,,,,,,,,,,,,,,,
,Yes,South Side Cotton Club,Venue,1710 S Michigan Ave,41.8591,-87.624326,,,,,,,,,,,,,,,,,,,,,,,,,
,Yes,Square’s Steakhouse (a/k/a Square Washington’s Boulevard Lounge),Venue,105 E. 51st St.,41.80206,-87.622584,Lonnie Johnson performed here.,,,,Lonnie Johnson,"Shurman, Richard, et al. “Historic Locations.” ChiBlues, 2021, chiblues.com/historic-locations/. Accessed 28 Apr. 2023.",,,,,,,,,,,,,,,,,,,
,Yes,Stormy’s Club/Inn,Venue,NW corner of Root St. and Princeton Ave,41.81934,-87.633996,"Musicians like Hound Dog Taylor, Big Smokey Smothers, and Uncle Johnny Williams performed here.",,,? - 1970,"Hound Dog Taylor, Big Smokey Smothers, Arthur ""Big Boy Spires"", Uncle Johnny Williams","“Chicago Tribune 06 Jun 1970, Page 57.” Historical Newspapers from 1700s-2000s - Newspapers.Com, www.newspapers.com/image/377238649/?terms=%22Stormy%27s+Inn%22&match=1. Accessed 25 May 2023.","Shurman, Richard, et al. “Historic Locations.” ChiBlues, 2021, chiblues.com/historic-locations/. Accessed 28 Apr. 2023.",,,,,,,,,,,,,,,,,,
,Yes,Strand Lounge,Venue,6323 S. Cottage Grove,41.78036,-87.605569,"McKie Fitzhugh took over the Strand Lounge in 1956 and turned it into McKie's Disc Jockey Lounge. The lounge was part of the Strand Hotel, which was built in 1915 and still stands today.",,,1915 - 1955,,"Chicago Tribune 10 Apr 1955, Page 46. Historical Newspapers from 1700s-2000s - Newspapers.com. (n.d.-b). https://www.newspapers.com/image/371702633/?terms=%22Strand+Lounge%22&amp;match=1",History in woodlawn. Domu. (n.d.). https://www.domu.com/chicago/neighborhoods/woodlawn/history-in-woodlawn,,,,,,,,,,,,,,,,,,
,Yes,Sunset/Grand Terrace,Venue,315 E. 35th,41.83134,-87.618684,This venue hosted both jazz and blues shows.,,,1937 - 1950,,"“Chicago Tribune 05 Sep 1993, Page 156.” Historical Newspapers from 1700s-2000s - Newspapers.Com, www.newspapers.com/image/418387324/?terms=%22Harlem+Cafe%22&amp;match=1. Accessed 25 May 2023.","Chicago Tribune 23 Mar 1950, page 45. Historical Newspapers from 1700s-2000s - Newspapers.com. (n.d.-e). https://www.newspapers.com/image/371778398/?terms=%22315+E.+35th%22&match=1",,,,,,,,,,,,,,,,,,
,Yes,Swingland Café (later known as The Rhumboogie),Venue,343 E 55th,41.79419,-87.619211,"By 1936, 343 E 55th had become a nightclub space that would operate off-and-on as the Swingland Café (or Dave's, depending which of its three owners was currently in charge). In April of 1942, however, it opened its doors as the Rhumboogie Café under the ownership of Charlie Glenn boxing legend Joe Louis.<br><br>Although tremendously influential throughout its lifespan, the Rhumboogie didn't last long -- New Year's Eve of 1945 would be the end of the club's heyday as a stray cigarette started a fire. Although it reopened that June, it never regained its status or momentum and closed forever in 1947.<br><br>T-Bone Walker was one of the musicians perhaps most associated with the Rhumboogie: he had numerous stays as an artist there, and even recorded music under the short-lived Rhumboogie Label. Walker had made his early career in Los Angeles, but came to Chicago for a contract with the Rhumboogie that catapulted the club to legendary status. (was also a black and tan? -connor)",tbone.mp3,"<i>T-Bone Boogie</i>, T-Bone Walker",,,"Kahrs, N. (2013, December 11). Under the Green Line. South Side Weekly. https://southsideweekly.com/under-the-green-line/ ",The Rhumboogie label. (n.d.). https://campber.people.clemson.edu/rhumboogie.html,"Wang, J. (n.d.). Artists celebrate New Home at Green Line Arts Center. University of Chicago News. https://news.uchicago.edu/story/artists-celebrate-new-home-green-line-arts-center",,,,,,,,,,,,,,,,,
,Yes,The 35th & State Club,Venue,35th & State,41.83062,-87.626733,"The name of this club has been lost to history, but whatever was at this location was a popular blues club. Tampa Red played here often in the '30s.",,,,,,,,,,,,,,,,,,,,,,,,
,Yes,The 504 Club,Venue,504 W. 63rd St,41.77924,-87.642062,"Dick Contino, a renown accordianist, played a gig here. His uncle, Jose Contino, owned and operated the club.",,,1947 - 1952,,"Chicago Tribune 31 Mar 1947, page 37. Historical Newspapers from 1700s-2000s - Newspapers.com. (n.d.-f). https://www.newspapers.com/image/370552691/?terms=%22The+504+Club%22&match=1","Chicago Tribune 16 Mar 1952, page 36. Historical Newspapers from 1700s-2000s - Newspapers.com. (n.d.-c). https://www.newspapers.com/image/370535734/?terms=%22The+504+Club%22&match=1","Suburbanite economist 29 Nov 1950, Page Page 54. Historical Newspapers from 1700s-2000s - Newspapers.com. (n.d.-h). https://www.newspapers.com/image/54196730/?terms=%22The+504+Club%22&match=1",,,,,,,,,,,,,,,,,
,Yes,The 520 Club,Venue,520 E. 63rd St,41.78111,-87.612081,,,,,,,,,,,,,,,,,,,,,,,,,
,Yes,The Blue Flame,Venue,809 E. Oakwood,41.82385,-87.604977,Musicians like Eddie Boyd and Willie Mabon regularly performed here.,,,,"Eddie Boyd, Willie Mabon, Jump Jackson, and Jo Jo Adams","Shurman, Richard, et al. “Historic Locations.” ChiBlues, 2021, chiblues.com/historic-locations/. Accessed 28 Apr. 2023.",,,,,,,,,,,,,,,,,,,
,Yes,The Blue Flame Club,Venue,The southeast corner of 55th and State,41.79484,-87.625575,"Otis Rush, Magic Sam, and Buddy Guy participated in the 'Battle of the Blues' here in the late 1950s.",,,Late 1950s,"Otis Rush, Buddy Guy, Magic Sam","Shurman, Richard, et al. “Historic Locations.” ChiBlues, 2021, chiblues.com/historic-locations/. Accessed 28 Apr. 2023.",,,,,,,,,,,,,,,,,,,
,Yes,The Cafe De Society,Venue,309 E. 55th,41.79452,-87.618591,Saunders King had an extended engagement here in 1944.,,,1940s,Saunders King,"Shurman, Richard, et al. “Historic Locations.” ChiBlues, 2021, chiblues.com/historic-locations/. Accessed 28 Apr. 2023.",,,,,,,,,,,,,,,,,,,
,Yes,The Checkerboard Lounge,Venue,423 E 43rd St,41.81678,-87.615279,"This location was opened in 1972 and was owned by LC Thurmond and Buddy Guy. It was host musicians like B.B. King, Magic Slim, the Rolling Stones, and Junior Wells. University of Chicago students and tourists frequented this location. The club was closed in 2003 for building code violations, but it reopened two years later.",,,1972 - 2003,"LC Thurmond, Buddy Guy, B.B King, Magic Slim, Howlin' Wolf, Junior Well, Rolling Stones","Shurman, Richard, et al. “Historic Locations.” ChiBlues, 2021, chiblues.com/historic-locations/. Accessed 28 Apr. 2023.","New Checkerboard Lounge. Chicago Bar Project by Drinkers with a Writing Problem. (2021, September 30). https://chibarproject.com/reviews/new-checkerboard/",,,,,,,,,,,,,,,,,,
,Yes,The Club Alibi,Venue,2726 Wentworth,41.83927,-87.631227,"Musicians like Jimmie Lee Robinson, Eddie Taylor, and Otis Rush played here.",,,1950s,"Jimmie Lee Robinson, Eddie Taylor, Billy Boy Arnold, Otis Rush, Little Hudson Showers","Shurman, Richard, et al. “Historic Locations.” ChiBlues, 2021, chiblues.com/historic-locations/. Accessed 28 Apr. 2023.","Chicago Tribune 02 Mar 1941, page 72. Historical Newspapers from 1700s-2000s - Newspapers.com. (n.d.-a). https://www.newspapers.com/image/370201377/?terms=%22Club+Alibi%22&match=1",,,,,,,,,,,,,,,,,,
,Yes,The Club Blue Flame,Venue,5127 S. Wentworth,41.80201,-87.630754,,,,,,,,,,,,,,,,,,,,,,,,,
,Yes,The Club Claremont,Venue,NE corner of 39th St. and Indiana,41.82431,-87.621479,Musicians Kokomo Arnold and Albert Ammons performed here.,,,1938,"Kokomo Arnold, Albert Ammons","Shurman, Richard, et al. “Historic Locations.” ChiBlues, 2021, chiblues.com/historic-locations/. Accessed 28 Apr. 2023.",,,,,,,,,,,,,,,,,,,
,Yes,The Club DeLisa/Burning Spear,Venue,5521 S. State,41.79384,-87.625424,This was the new location for the Club DeLisa and musicians like Jimmy Reed and Harold Burrage. It relocated in 1941 and it closed in 1959 due to the owner's deaths.,,,1941 - 1959,"Jimmy Reed, Harold Burrage","Chicago Tribune 17 Dec 1961, page 68. Historical Newspapers from 1700s-2000s - Newspapers.com. (n.d.-e). https://www.newspapers.com/image/374711816/?terms=%22Club+DeLisa%22&amp;match=1","Chicago Tribune 05 Sep 1993, page 156. Historical Newspapers from 1700s-2000s - Newspapers.com. (n.d.-b). https://www.newspapers.com/image/418387324/?terms=%22Harlem+Cafe%22&match=1",,,,,,,,,,,,,,,,,,
,Yes,The Club Georgia,Venue,4547 S. State,41.81238,-87.625458,"This venue featured a regular 'Battle of the Blues' between John Lee Wlliamson and Lonnie Johnson. The club was part of a mixed-use residenial building and the building caught fire in 1951, which drove dozens of residents out and caused thousands in damage.",,,1940s - 1951,"John Lee Williamson, Eddie Boyd, Tampa Red","Chicago Tribune 17 Dec 1951, Page 3. Historical Newspapers from 1700s-2000s - Newspapers.com. (n.d.-f). https://www.newspapers.com/image/372720390/?terms=%22Club+Georgia%22&match=1",,,,,,,,,,,,,,,,,,,
,Yes,The Club Jamboree,Venue,3328 E. 90th St,41.7328,-87.543173,"Musicians like Snooky Pryor, Jimmy Reed, and Floyd Jones played here. The club opened in 1950.",,,1950 - ?,"Snooky Pryor, Floyd Jones, Jimmy Reed, Little Willie Foster","Shurman, Richard, et al. “Historic Locations.” ChiBlues, 2021, chiblues.com/historic-locations/. Accessed 28 Apr. 2023.",,,,,,,,,,,,,,,,,,,
,Yes,The Club Plantation,Venue,3520 S. State,41.83102,-87.627127,,,,,,,,,,,,,,,,,,,,,,,,,
,Yes,The Cozy Inn,Venue,43rd and State,41.81703,-87.625918,,,,Early 1950s,"Johnny Temple, Big Walter Horton","Shurman, Richard, et al. “Historic Locations.” ChiBlues, 2021, chiblues.com/historic-locations/. Accessed 28 Apr. 2023.",,,,,,,,,,,,,,,,,,,
,Yes,The Dew Drop Inn,Venue,3609 Wentworth,41.82882,-87.631045,This venue hosted regular 'Battles of the Blue' and a going-away party for Muddy Waters in 1949.,,,1940s and 1950s,"Muddy Waters, Big Bill Broonzy, Baby Face Leroy Foster, Jimmy Rogers, Memphis Minnie","Shurman, Richard, et al. “Historic Locations.” ChiBlues, 2021, chiblues.com/historic-locations/. Accessed 28 Apr. 2023.","Chicago World 19 Nov 1949, page 5. Historical Newspapers from 1700s-2000s - Newspapers.com. (n.d.-l). https://www.newspapers.com/image/668665240/?terms=%223609+Wentworth%22&match=1",,,,,,,,,,,,,,,,,,
,Yes,The Flame Lounge,Venue,3020 S. Indiana,41.84068,-87.622512,"Lonnie Johnson played gigs here from 1938 to the mid 1940s, and other musicians such as Sunnyland Slim, Eddie Boyd, and Homer Harris performed in the 40's.",,,1938 - late 1940s,"Lonnie Johnson, Sunnyland Slim, Eddie Boyd, Homer Harris","Shurman, Richard, et al. “Historic Locations.” ChiBlues, 2021, chiblues.com/historic-locations/. Accessed 28 Apr. 2023.",,,,,,,,,,,,,,,,,,,
,Yes,The Forum,Venue,318 E 43rd St,41.81747,-87.618842,"The Forum was built in 1897 as a social and political meeting hall. Several organizations and conferences were hosted in the building, and it was well-known for hosting live music events. It was the heart of Black Chicago's culture and life. It was shut down in the 1970s but efforts to revitalize it today have proven successful.",,,1897 - Present,Nat King Cole,Past. The Forum. (n.d.). https://www.theforumbronzeville.com/past,,,,,,,,,,,,,,,,,,,
,Yes,The Green Door,Venue,450 W. 63rd St.,41.78066,-87.636931,"Musicians like Will Mabon, Mighty Joe Young, Billy Boy Arnold, and Memphis Slim performed here.",,,Late 1950s,"Will Mabon, Might Joe Young, Billy Boy Arnold, Memphis Slim, Muddy Waters","Shurman, Richard, et al. “Historic Locations.” ChiBlues, 2021, chiblues.com/historic-locations/. Accessed 28 Apr. 2023.",,,,,,,,,,,,,,,,,,,
,Yes,The Heatwave Club,Venue,4615 S. State,41.81114,-87.625383,,,,1950s,Muddy Waters,"Shurman, Richard, et al. “Historic Locations.” ChiBlues, 2021, chiblues.com/historic-locations/. Accessed 28 Apr. 2023.",,,,,,,,,,,,,,,,,,,
,Yes,The Hickory Pit,Venue,419 W. 63rd,41.78033,-87.636062,,,,,,,,,,,,,,,,,,,,,,,,,
,Yes,The Impala Lounge,Venue,100 E. 71st St,41.76599,-87.621393,,,,,,,,,,,,,,,,,,,,,,,,,
,Yes,The Indiana Theater,Venue,219 E. 43rd St,41.81702,-87.620475,"The Indiana Theater opened in 1910 and could accomodate a crowd of about 800 people. It hosted apres-film midnight variety shows and was initially a vaudeville theater before showing screening of films. Musicians such as Muddy Waters, Memphis Minnie, Big Bill Broonzy, and Arthur Crudup performed here in the 30's, 40's, and 50's",,,1910 - ?,"Big Bill Broonzy, Arthur Crudup, Memphis Minnie, Muddy Waters, Little Walter",Indiana Theatre. Cinema Treasures. (n.d.-a). http://cinematreasures.org/theaters/3111,,,,,,,,,,,,,,,,,,,
,Yes,The New C&C Lounge,Venue,6513 S. Cottage Grove,41.77681,-87.60568,,,,,,,,,,,,,,,,,,,,,,,,,
,Yes,The Sawdust Trail,Venue,4401 S. Wentworth,41.81503,-87.630727,"Musicians like Roosevelt Sykes, Bo Diddley, and Otis ""BIg Smokey"" Smothers played here.",,,Late 1940s - early 1950s,"Roosevelt Sykes, Bo Diddley, Otis ""Big Smokey"" Smothers, Howlin' Wolf, Billy Boy Arnold","Shurman, Richard, et al. “Historic Locations.” ChiBlues, 2021, chiblues.com/historic-locations/. Accessed 28 Apr. 2023.","Chicago Tribune 02 Nov 1949, page 22. Historical Newspapers from 1700s-2000s - Newspapers.com. (n.d.-b). https://www.newspapers.com/image/370356540/?terms=%22Sawdust+Trail%22&match=1",,,,,,,,,,,,,,,,,,
,Yes,The White Elephant,Venue,528 E. 43rd,41.8175,-87.613217,"It was known as the White Elephant in the 1930s and Don's Den in the 1940s, with musicians like Memphis Minnie, Curtis Jones, and Johnny Shines.",,,1930s - 1940s,"Memphis Minnie, Curtis Jones, Johnny Shines","Shurman, Richard, et al. “Historic Locations.” ChiBlues, 2021, chiblues.com/historic-locations/. Accessed 28 Apr. 2023.","Chicago World 24 Dec 1949, page 5. Historical Newspapers from 1700s-2000s - Newspapers.com. (n.d.-n). https://www.newspapers.com/image/668665596/?terms=%22Don%27s+Den%22&match=1",,,,,,,,,,,,,,,,,,
,Yes,Theresa's Lounge,Venue,4801 S Indiana Ave,41.80752,-87.620719,"This was a very well-known club. Opened by Theresa Needham in 1949 and known for its high caliber music scene, the tavern was a beloved neighborhood establishment. It featured live music shows Friday through Monday and 'Blues Mondays', where the most well-known blues musicians would come and hang around while Junior Wells and his band played music. Buddy Guy and Junior Wells gained popularity here and were talked into producing Hoodoo Man Blues, which would launch their careers. Theresa Needham was inducted into the Blues Foundation Hall of Fame.",,,1949 - 1983,"Billy Boy Arnold, George Buford, James Cotton, Buddy Guy, Little Walter Jacobs, Floyd Jones, Sunnyland Slim, Hound Dog Taylor","Shurman, Richard, et al. “Historic Locations.” ChiBlues, 2021, chiblues.com/historic-locations/. Accessed 28 Apr. 2023.","Theresa’s Lounge in memoriam: Chicago bar project. Theresa’s Lounge in Memoriam: Chicago Bar Project. (2021, October 8). https://chibarproject.com/reviews/theresas/",,,,,,,,,,,,,,,,,,
,Yes,Tivoli Theater,Venue,on 63rd just off Cottage Grove,41.78097,-87.606344,"The Tivoli Theater was opened in 1921 and could accomodate nearly 5000 patrons. The theater was described as beging very elegant and ornate. It featured a marble interior, crystal lighting throughout, and air-conditioning. The theater drew nearly 7000 people every weekend and it began hosting live music shows in 1959.",,,1921 - 1963,Ruth Brown and Joe Tex,"Tivoli Theater. JAZZ AGE CHICAGO. (2015, April 24). https://jazzagechicago.wordpress.com/tivoli/",History in woodlawn. Domu. (n.d.-a). https://www.domu.com/chicago/neighborhoods/woodlawn/history-in-woodlawn,,,,,,,,,,,,,,,,,,
,Yes,Tramor Hotel and Café,Venue,740 E. 47th,41.81054,-87.607148,,,,1930s,"Memphis Minnie, Arnett Nelson, Black Bob","Shurman, Richard, et al. “Historic Locations.” ChiBlues, 2021, chiblues.com/historic-locations/. Accessed 28 Apr. 2023.",,,,,,,,,,,,,,,,,,,
,Yes,Trianon Ballroom,Venue,6201 S. Cottage Grove,41.78265,-87.606097,"The ballroom was known for its lavish decor and its enforcement of decency and social ettiquette, and it was called ""America's most luxurious public ballroom"". The club was whites-only until the 1950s, after which it opened up to allow everyone and began billing musicians like Muddy Waters, Buddy Guy, and Bo Diddley.",,,1922 - 1967,"Muddy Waters, B.B King, Jimmy Reed, Bo Diddley, Willie Mabon, Buddy Guy",History in woodlawn. Domu. (n.d.-a). https://www.domu.com/chicago/neighborhoods/woodlawn/history-in-woodlawn,,,,,,,,,,,,,,,,,,,
,Yes,Trocadero Club,Venue,4719 S. Indiana,41.8091,-87.621101,"Musicians like Luther ""Snake"" Johnson, Lefty Bates, and ""Singing Sam"" played here in the 1960s, and the club is still open today.",,,1960s - Present,"Luther ""Snake"" Johnson, Lefty Bates, ""Singing Sam"" and Red Nelson","Shurman, Richard, et al. “Historic Locations.” ChiBlues, 2021, chiblues.com/historic-locations/. Accessed 28 Apr. 2023.",,,,,,,,,,,,,,,,,,,
,Yes,Turner’s Blue Lounge,Venue,4012 S. Indiana,41.82211,-87.622209,"Musicians like Lee Jackson, Uncle Johnny Williams, and Walter Horton played here.",,,1950s - 1960s,"Lee Jackson, Uncle Johnny Williams, Big Walter Horton","Shurman, Richard, et al. “Historic Locations.” ChiBlues, 2021, chiblues.com/historic-locations/. Accessed 28 Apr. 2023.",,,,,,,,,,,,,,,,,,,
,Yes,Tuxedo Lounge,Venue,3119 S. Indiana,41.83831,-87.621678,"Musicians like Baby Face Leroy Foster, Lazy Bill Lucas, and Willie Mabon played here.",,,Late 1940s - 1950s,"Baby Face Leroy Foster, Lazy Bill Lucas, Willie Mabon","Shurman, Richard, et al. “Historic Locations.” ChiBlues, 2021, chiblues.com/historic-locations/. Accessed 28 Apr. 2023.",,,,,,,,,,,,,,,,,,,
,Yes,Walter’s Show Lounge,Venue,47th and Lake Park Ave,41.81033,-87.592372,,,,1950s,Mojo Buford,"Shurman, Richard, et al. “Historic Locations.” ChiBlues, 2021, chiblues.com/historic-locations/. Accessed 28 Apr. 2023.",,,,,,,,,,,,,,,,,,,
,Yes,Square Deal Club,Venue,230 W Division,,,Homesick James worked here with pianist Jimmy Walker in the 30s.,,,1930s,Homesick James,"Rowe, Mike, and Ronald Radano. Chicago Blues. Da Capo Press, 22 Aug. 1981.",,,,,,,,,,,,,,,,,,,
,Yes,Circle Inn,Venue,63rd & Wentworth,,,Homesick James worked here in the 1930s.,,,1930s - 1940s,Homesick James,"Rowe, Mike, and Ronald Radano. Chicago Blues. Da Capo Press, 22 Aug. 1981.",,,,,,,,,,,,,,,,,,,
,,,,,,,,,,,,,,,,,,,,,,,,,,,,,,,
,,,,,,,,,,,,,,,,,,,,,,,,,,,,,,,
,,,,,,,,,,,,,,,,,,,,,,,,,,,,,,,
,,,,,,,,,,,,,,,,,,,,,,,,,,,,,,,
,,,,,,,,,,,,,,,,,,,,,,,,,,,,,,,
,,,,,,,,,,,,,,,,,,,,,,,,,,,,,,,
,,,,,,,,,,,,,,,,,,,,,,,,,,,,,,,
,,,,,,,,,,,,,,,,,,,,,,,,,,,,,,,
,,,,,,,,,,,,,,,,,,,,,,,,,,,,,,,
,,,,,,,,,,,,,,,,,,,,,,,,,,,,,,,
,,,,,,,,,,,,,,,,,,,,,,,,,,,,,,,
,,,,,,,,,,,,,,,,,,,,,,,,,,,,,,,
,,,,,,,,,,,,,,,,,,,,,,,,,,,,,,,
,,,,,,,,,,,,,,,,,,,,,,,,,,,,,,,
,,,,,,,,,,,,,,,,,,,,,,,,,,,,,,,
,,,,,,,,,,,,,,,,,,,,,,,,,,,,,,,
,,,,,,,,,,,,,,,,,,,,,,,,,,,,,,,
,,,,,,,,,,,,,,,,,,,,,,,,,,,,,,,
,,,,,,,,,,,,,,,,,,,,,,,,,,,,,,,
,,,,,,,,,,,,,,,,,,,,,,,,,,,,,,,
,,,,,,,,,,,,,,,,,,,,,,,,,,,,,,,
,,,,,,,,,,,,,,,,,,,,,,,,,,,,,,,
,,,,,,,,,,,,,,,,,,,,,,,,,,,,,,,
,,,,,,,,,,,,,,,,,,,,,,,,,,,,,,,
,,,,,,,,,,,,,,,,,,,,,,,,,,,,,,,
,,,,,,,,,,,,,,,,,,,,,,,,,,,,,,,
,,,,,,,,,,,,,,,,,,,,,,,,,,,,,,,
,,,,,,,,,,,,,,,,,,,,,,,,,,,,,,,
,,,,,,,,,,,,,,,,,,,,,,,,,,,,,,,
,,,,,,,,,,,,,,,,,,,,,,,,,,,,,,,
,,,,,,,,,,,,,,,,,,,,,,,,,,,,,,,
,,,,,,,,,,,,,,,,,,,,,,,,,,,,,,,
,,,,,,,,,,,,,,,,,,,,,,,,,,,,,,,
,,,,,,,,,,,,,,,,,,,,,,,,,,,,,,,
,,,,,,,,,,,,,,,,,,,,,,,,,,,,,,,
,,,,,,,,,,,,,,,,,,,,,,,,,,,,,,,
,,,,,,,,,,,,,,,,,,,,,,,,,,,,,,,
,,,,,,,,,,,,,,,,,,,,,,,,,,,,,,,
,,,,,,,,,,,,,,,,,,,,,,,,,,,,,,,
,,,,,,,,,,,,,,,,,,,,,,,,,,,,,,,
,,,,,,,,,,,,,,,,,,,,,,,,,,,,,,,
,,,,,,,,,,,,,,,,,,,,,,,,,,,,,,,
,,,,,,,,,,,,,,,,,,,,,,,,,,,,,,,
,,,,,,,,,,,,,,,,,,,,,,,,,,,,,,,
,,,,,,,,,,,,,,,,,,,,,,,,,,,,,,,
,,,,,,,,,,,,,,,,,,,,,,,,,,,,,,,
,,,,,,,,,,,,,,,,,,,,,,,,,,,,,,,
,,,,,,,,,,,,,,,,,,,,,,,,,,,,,,,
,,,,,,,,,,,,,,,,,,,,,,,,,,,,,,,
,,,,,,,,,,,,,,,,,,,,,,,,,,,,,,,
,,,,,,,,,,,,,,,,,,,,,,,,,,,,,,,
,,,,,,,,,,,,,,,,,,,,,,,,,,,,,,,
,,,,,,,,,,,,,,,,,,,,,,,,,,,,,,,
,,,,,,,,,,,,,,,,,,,,,,,,,,,,,,,
,,,,,,,,,,,,,,,,,,,,,,,,,,,,,,,
,,,,,,,,,,,,,,,,,,,,,,,,,,,,,,,
,,,,,,,,,,,,,,,,,,,,,,,,,,,,,,,
,,,,,,,,,,,,,,,,,,,,,,,,,,,,,,,
,,,,,,,,,,,,,,,,,,,,,,,,,,,,,,,
,,,,,,,,,,,,,,,,,,,,,,,,,,,,,,,
,,,,,,,,,,,,,,,,,,,,,,,,,,,,,,,
,,,,,,,,,,,,,,,,,,,,,,,,,,,,,,,
,,,,,,,,,,,,,,,,,,,,,,,,,,,,,,,
,,,,,,,,,,,,,,,,,,,,,,,,,,,,,,,
,,,,,,,,,,,,,,,,,,,,,,,,,,,,,,,
,,,,,,,,,,,,,,,,,,,,,,,,,,,,,,,
,,,,,,,,,,,,,,,,,,,,,,,,,,,,,,,
,,,,,,,,,,,,,,,,,,,,,,,,,,,,,,,
,,,,,,,,,,,,,,,,,,,,,,,,,,,,,,,
,,,,,,,,,,,,,,,,,,,,,,,,,,,,,,,
,,,,,,,,,,,,,,,,,,,,,,,,,,,,,,,
,,,,,,,,,,,,,,,,,,,,,,,,,,,,,,,
,,,,,,,,,,,,,,,,,,,,,,,,,,,,,,,
,,,,,,,,,,,,,,,,,,,,,,,,,,,,,,,
,,,,,,,,,,,,,,,,,,,,,,,,,,,,,,,
,,,,,,,,,,,,,,,,,,,,,,,,,,,,,,,
,,,,,,,,,,,,,,,,,,,,,,,,,,,,,,,
,,,,,,,,,,,,,,,,,,,,,,,,,,,,,,,
,,,,,,,,,,,,,,,,,,,,,,,,,,,,,,,
,,,,,,,,,,,,,,,,,,,,,,,,,,,,,,,
,,,,,,,,,,,,,,,,,,,,,,,,,,,,,,,
,,,,,,,,,,,,,,,,,,,,,,,,,,,,,,,
,,,,,,,,,,,,,,,,,,,,,,,,,,,,,,,
,,,,,,,,,,,,,,,,,,,,,,,,,,,,,,,
,,,,,,,,,,,,,,,,,,,,,,,,,,,,,,,
,,,,,,,,,,,,,,,,,,,,,,,,,,,,,,,
,,,,,,,,,,,,,,,,,,,,,,,,,,,,,,,
,,,,,,,,,,,,,,,,,,,,,,,,,,,,,,,
,,,,,,,,,,,,,,,,,,,,,,,,,,,,,,,
,,,,,,,,,,,,,,,,,,,,,,,,,,,,,,,
,,,,,,,,,,,,,,,,,,,,,,,,,,,,,,,
,,,,,,,,,,,,,,,,,,,,,,,,,,,,,,,
,,,,,,,,,,,,,,,,,,,,,,,,,,,,,,,
,,,,,,,,,,,,,,,,,,,,,,,,,,,,,,,
,,,,,,,,,,,,,,,,,,,,,,,,,,,,,,,
,,,,,,,,,,,,,,,,,,,,,,,,,,,,,,,
,,,,,,,,,,,,,,,,,,,,,,,,,,,,,,,
,,,,,,,,,,,,,,,,,,,,,,,,,,,,,,,
,,,,,,,,,,,,,,,,,,,,,,,,,,,,,,,
,,,,,,,,,,,,,,,,,,,,,,,,,,,,,,,
,,,,,,,,,,,,,,,,,,,,,,,,,,,,,,,
,,,,,,,,,,,,,,,,,,,,,,,,,,,,,,,
,,,,,,,,,,,,,,,,,,,,,,,,,,,,,,,
,,,,,,,,,,,,,,,,,,,,,,,,,,,,,,,
,,,,,,,,,,,,,,,,,,,,,,,,,,,,,,,
,,,,,,,,,,,,,,,,,,,,,,,,,,,,,,,
,,,,,,,,,,,,,,,,,,,,,,,,,,,,,,,
,,,,,,,,,,,,,,,,,,,,,,,,,,,,,,,
,,,,,,,,,,,,,,,,,,,,,,,,,,,,,,,
,,,,,,,,,,,,,,,,,,,,,,,,,,,,,,,
,,,,,,,,,,,,,,,,,,,,,,,,,,,,,,,
,,,,,,,,,,,,,,,,,,,,,,,,,,,,,,,
,,,,,,,,,,,,,,,,,,,,,,,,,,,,,,,
,,,,,,,,,,,,,,,,,,,,,,,,,,,,,,,
,,,,,,,,,,,,,,,,,,,,,,,,,,,,,,,
,,,,,,,,,,,,,,,,,,,,,,,,,,,,,,,
,,,,,,,,,,,,,,,,,,,,,,,,,,,,,,,
,,,,,,,,,,,,,,,,,,,,,,,,,,,,,,,
,,,,,,,,,,,,,,,,,,,,,,,,,,,,,,,
,,,,,,,,,,,,,,,,,,,,,,,,,,,,,,,
,,,,,,,,,,,,,,,,,,,,,,,,,,,,,,,
,,,,,,,,,,,,,,,,,,,,,,,,,,,,,,,
,,,,,,,,,,,,,,,,,,,,,,,,,,,,,,,
,,,,,,,,,,,,,,,,,,,,,,,,,,,,,,,
,,,,,,,,,,,,,,,,,,,,,,,,,,,,,,,
,,,,,,,,,,,,,,,,,,,,,,,,,,,,,,,
,,,,,,,,,,,,,,,,,,,,,,,,,,,,,,,
,,,,,,,,,,,,,,,,,,,,,,,,,,,,,,,
,,,,,,,,,,,,,,,,,,,,,,,,,,,,,,,
,,,,,,,,,,,,,,,,,,,,,,,,,,,,,,,
,,,,,,,,,,,,,,,,,,,,,,,,,,,,,,,
,,,,,,,,,,,,,,,,,,,,,,,,,,,,,,,
,,,,,,,,,,,,,,,,,,,,,,,,,,,,,,,
,,,,,,,,,,,,,,,,,,,,,,,,,,,,,,,
,,,,,,,,,,,,,,,,,,,,,,,,,,,,,,,
,,,,,,,,,,,,,,,,,,,,,,,,,,,,,,,
,,,,,,,,,,,,,,,,,,,,,,,,,,,,,,,
,,,,,,,,,,,,,,,,,,,,,,,,,,,,,,,
,,,,,,,,,,,,,,,,,,,,,,,,,,,,,,,
,,,,,,,,,,,,,,,,,,,,,,,,,,,,,,,
,,,,,,,,,,,,,,,,,,,,,,,,,,,,,,,
,,,,,,,,,,,,,,,,,,,,,,,,,,,,,,,
,,,,,,,,,,,,,,,,,,,,,,,,,,,,,,,
,,,,,,,,,,,,,,,,,,,,,,,,,,,,,,,
,,,,,,,,,,,,,,,,,,,,,,,,,,,,,,,
,,,,,,,,,,,,,,,,,,,,,,,,,,,,,,,
,,,,,,,,,,,,,,,,,,,,,,,,,,,,,,,
,,,,,,,,,,,,,,,,,,,,,,,,,,,,,,,
,,,,,,,,,,,,,,,,,,,,,,,,,,,,,,,
,,,,,,,,,,,,,,,,,,,,,,,,,,,,,,,
,,,,,,,,,,,,,,,,,,,,,,,,,,,,,,,
,,,,,,,,,,,,,,,,,,,,,,,,,,,,,,,
,,,,,,,,,,,,,,,,,,,,,,,,,,,,,,,
,,,,,,,,,,,,,,,,,,,,,,,,,,,,,,,
,,,,,,,,,,,,,,,,,,,,,,,,,,,,,,,
,,,,,,,,,,,,,,,,,,,,,,,,,,,,,,,
,,,,,,,,,,,,,,,,,,,,,,,,,,,,,,,
,,,,,,,,,,,,,,,,,,,,,,,,,,,,,,,
,,,,,,,,,,,,,,,,,,,,,,,,,,,,,,,
,,,,,,,,,,,,,,,,,,,,,,,,,,,,,,,
,,,,,,,,,,,,,,,,,,,,,,,,,,,,,,,
,,,,,,,,,,,,,,,,,,,,,,,,,,,,,,,
,,,,,,,,,,,,,,,,,,,,,,,,,,,,,,,
,,,,,,,,,,,,,,,,,,,,,,,,,,,,,,,
,,,,,,,,,,,,,,,,,,,,,,,,,,,,,,,
,,,,,,,,,,,,,,,,,,,,,,,,,,,,,,,
,,,,,,,,,,,,,,,,,,,,,,,,,,,,,,,
,,,,,,,,,,,,,,,,,,,,,,,,,,,,,,,
,,,,,,,,,,,,,,,,,,,,,,,,,,,,,,,
,,,,,,,,,,,,,,,,,,,,,,,,,,,,,,,
,,,,,,,,,,,,,,,,,,,,,,,,,,,,,,,
,,,,,,,,,,,,,,,,,,,,,,,,,,,,,,,
,,,,,,,,,,,,,,,,,,,,,,,,,,,,,,,
,,,,,,,,,,,,,,,,,,,,,,,,,,,,,,,
,,,,,,,,,,,,,,,,,,,,,,,,,,,,,,,
,,,,,,,,,,,,,,,,,,,,,,,,,,,,,,,
,,,,,,,,,,,,,,,,,,,,,,,,,,,,,,,
,,,,,,,,,,,,,,,,,,,,,,,,,,,,,,,
,,,,,,,,,,,,,,,,,,,,,,,,,,,,,,,
,,,,,,,,,,,,,,,,,,,,,,,,,,,,,,,
,,,,,,,,,,,,,,,,,,,,,,,,,,,,,,,
,,,,,,,,,,,,,,,,,,,,,,,,,,,,,,,
,,,,,,,,,,,,,,,,,,,,,,,,,,,,,,,
,,,,,,,,,,,,,,,,,,,,,,,,,,,,,,,
,,,,,,,,,,,,,,,,,,,,,,,,,,,,,,,
,,,,,,,,,,,,,,,,,,,,,,,,,,,,,,,
,,,,,,,,,,,,,,,,,,,,,,,,,,,,,,,
,,,,,,,,,,,,,,,,,,,,,,,,,,,,,,,
,,,,,,,,,,,,,,,,,,,,,,,,,,,,,,,
,,,,,,,,,,,,,,,,,,,,,,,,,,,,,,,
,,,,,,,,,,,,,,,,,,,,,,,,,,,,,,,
,,,,,,,,,,,,,,,,,,,,,,,,,,,,,,,
,,,,,,,,,,,,,,,,,,,,,,,,,,,,,,,
,,,,,,,,,,,,,,,,,,,,,,,,,,,,,,,
,,,,,,,,,,,,,,,,,,,,,,,,,,,,,,,
,,,,,,,,,,,,,,,,,,,,,,,,,,,,,,,
,,,,,,,,,,,,,,,,,,,,,,,,,,,,,,,
,,,,,,,,,,,,,,,,,,,,,,,,,,,,,,,
,,,,,,,,,,,,,,,,,,,,,,,,,,,,,,,
,,,,,,,,,,,,,,,,,,,,,,,,,,,,,,,
,,,,,,,,,,,,,,,,,,,,,,,,,,,,,,,
,,,,,,,,,,,,,,,,,,,,,,,,,,,,,,,
,,,,,,,,,,,,,,,,,,,,,,,,,,,,,,,
,,,,,,,,,,,,,,,,,,,,,,,,,,,,,,,
,,,,,,,,,,,,,,,,,,,,,,,,,,,,,,,
,,,,,,,,,,,,,,,,,,,,,,,,,,,,,,,
,,,,,,,,,,,,,,,,,,,,,,,,,,,,,,,
,,,,,,,,,,,,,,,,,,,,,,,,,,,,,,,
,,,,,,,,,,,,,,,,,,,,,,,,,,,,,,,
,,,,,,,,,,,,,,,,,,,,,,,,,,,,,,,
,,,,,,,,,,,,,,,,,,,,,,,,,,,,,,,
,,,,,,,,,,,,,,,,,,,,,,,,,,,,,,,
,,,,,,,,,,,,,,,,,,,,,,,,,,,,,,,
,,,,,,,,,,,,,,,,,,,,,,,,,,,,,,,
,,,,,,,,,,,,,,,,,,,,,,,,,,,,,,,
,,,,,,,,,,,,,,,,,,,,,,,,,,,,,,,
,,,,,,,,,,,,,,,,,,,,,,,,,,,,,,,
,,,,,,,,,,,,,,,,,,,,,,,,,,,,,,,
,,,,,,,,,,,,,,,,,,,,,,,,,,,,,,,
,,,,,,,,,,,,,,,,,,,,,,,,,,,,,,,
,,,,,,,,,,,,,,,,,,,,,,,,,,,,,,,
,,,,,,,,,,,,,,,,,,,,,,,,,,,,,,,
,,,,,,,,,,,,,,,,,,,,,,,,,,,,,,,
,,,,,,,,,,,,,,,,,,,,,,,,,,,,,,,
,,,,,,,,,,,,,,,,,,,,,,,,,,,,,,,
,,,,,,,,,,,,,,,,,,,,,,,,,,,,,,,
,,,,,,,,,,,,,,,,,,,,,,,,,,,,,,,
,,,,,,,,,,,,,,,,,,,,,,,,,,,,,,,
,,,,,,,,,,,,,,,,,,,,,,,,,,,,,,,
,,,,,,,,,,,,,,,,,,,,,,,,,,,,,,,
,,,,,,,,,,,,,,,,,,,,,,,,,,,,,,,
,,,,,,,,,,,,,,,,,,,,,,,,,,,,,,,
,,,,,,,,,,,,,,,,,,,,,,,,,,,,,,,
,,,,,,,,,,,,,,,,,,,,,,,,,,,,,,,
,,,,,,,,,,,,,,,,,,,,,,,,,,,,,,,
,,,,,,,,,,,,,,,,,,,,,,,,,,,,,,,
,,,,,,,,,,,,,,,,,,,,,,,,,,,,,,,
,,,,,,,,,,,,,,,,,,,,,,,,,,,,,,,
,,,,,,,,,,,,,,,,,,,,,,,,,,,,,,,
,,,,,,,,,,,,,,,,,,,,,,,,,,,,,,,
,,,,,,,,,,,,,,,,,,,,,,,,,,,,,,,
,,,,,,,,,,,,,,,,,,,,,,,,,,,,,,,
,,,,,,,,,,,,,,,,,,,,,,,,,,,,,,,
,,,,,,,,,,,,,,,,,,,,,,,,,,,,,,,
,,,,,,,,,,,,,,,,,,,,,,,,,,,,,,,
,,,,,,,,,,,,,,,,,,,,,,,,,,,,,,,
,,,,,,,,,,,,,,,,,,,,,,,,,,,,,,,
,,,,,,,,,,,,,,,,,,,,,,,,,,,,,,,
,,,,,,,,,,,,,,,,,,,,,,,,,,,,,,,
,,,,,,,,,,,,,,,,,,,,,,,,,,,,,,,
,,,,,,,,,,,,,,,,,,,,,,,,,,,,,,,
,,,,,,,,,,,,,,,,,,,,,,,,,,,,,,,
,,,,,,,,,,,,,,,,,,,,,,,,,,,,,,,
,,,,,,,,,,,,,,,,,,,,,,,,,,,,,,,
,,,,,,,,,,,,,,,,,,,,,,,,,,,,,,,
,,,,,,,,,,,,,,,,,,,,,,,,,,,,,,,
,,,,,,,,,,,,,,,,,,,,,,,,,,,,,,,
,,,,,,,,,,,,,,,,,,,,,,,,,,,,,,,
,,,,,,,,,,,,,,,,,,,,,,,,,,,,,,,
,,,,,,,,,,,,,,,,,,,,,,,,,,,,,,,
,,,,,,,,,,,,,,,,,,,,,,,,,,,,,,,
,,,,,,,,,,,,,,,,,,,,,,,,,,,,,,,
,,,,,,,,,,,,,,,,,,,,,,,,,,,,,,,
,,,,,,,,,,,,,,,,,,,,,,,,,,,,,,,
,,,,,,,,,,,,,,,,,,,,,,,,,,,,,,,
,,,,,,,,,,,,,,,,,,,,,,,,,,,,,,,
,,,,,,,,,,,,,,,,,,,,,,,,,,,,,,,
,,,,,,,,,,,,,,,,,,,,,,,,,,,,,,,
,,,,,,,,,,,,,,,,,,,,,,,,,,,,,,,
,,,,,,,,,,,,,,,,,,,,,,,,,,,,,,,
,,,,,,,,,,,,,,,,,,,,,,,,,,,,,,,
,,,,,,,,,,,,,,,,,,,,,,,,,,,,,,,
,,,,,,,,,,,,,,,,,,,,,,,,,,,,,,,
,,,,,,,,,,,,,,,,,,,,,,,,,,,,,,,
,,,,,,,,,,,,,,,,,,,,,,,,,,,,,,,
,,,,,,,,,,,,,,,,,,,,,,,,,,,,,,,
,,,,,,,,,,,,,,,,,,,,,,,,,,,,,,,
,,,,,,,,,,,,,,,,,,,,,,,,,,,,,,,
,,,,,,,,,,,,,,,,,,,,,,,,,,,,,,,
,,,,,,,,,,,,,,,,,,,,,,,,,,,,,,,
,,,,,,,,,,,,,,,,,,,,,,,,,,,,,,,
,,,,,,,,,,,,,,,,,,,,,,,,,,,,,,,
,,,,,,,,,,,,,,,,,,,,,,,,,,,,,,,
,,,,,,,,,,,,,,,,,,,,,,,,,,,,,,,
,,,,,,,,,,,,,,,,,,,,,,,,,,,,,,,
,,,,,,,,,,,,,,,,,,,,,,,,,,,,,,,
,,,,,,,,,,,,,,,,,,,,,,,,,,,,,,,
,,,,,,,,,,,,,,,,,,,,,,,,,,,,,,,
,,,,,,,,,,,,,,,,,,,,,,,,,,,,,,,
,,,,,,,,,,,,,,,,,,,,,,,,,,,,,,,
,,,,,,,,,,,,,,,,,,,,,,,,,,,,,,,
,,,,,,,,,,,,,,,,,,,,,,,,,,,,,,,
,,,,,,,,,,,,,,,,,,,,,,,,,,,,,,,
,,,,,,,,,,,,,,,,,,,,,,,,,,,,,,,
,,,,,,,,,,,,,,,,,,,,,,,,,,,,,,,
,,,,,,,,,,,,,,,,,,,,,,,,,,,,,,,
,,,,,,,,,,,,,,,,,,,,,,,,,,,,,,,
,,,,,,,,,,,,,,,,,,,,,,,,,,,,,,,
,,,,,,,,,,,,,,,,,,,,,,,,,,,,,,,
,,,,,,,,,,,,,,,,,,,,,,,,,,,,,,,
,,,,,,,,,,,,,,,,,,,,,,,,,,,,,,,
,,,,,,,,,,,,,,,,,,,,,,,,,,,,,,,
,,,,,,,,,,,,,,,,,,,,,,,,,,,,,,,
,,,,,,,,,,,,,,,,,,,,,,,,,,,,,,,
,,,,,,,,,,,,,,,,,,,,,,,,,,,,,,,
,,,,,,,,,,,,,,,,,,,,,,,,,,,,,,,
,,,,,,,,,,,,,,,,,,,,,,,,,,,,,,,
,,,,,,,,,,,,,,,,,,,,,,,,,,,,,,,
,,,,,,,,,,,,,,,,,,,,,,,,,,,,,,,
,,,,,,,,,,,,,,,,,,,,,,,,,,,,,,,
,,,,,,,,,,,,,,,,,,,,,,,,,,,,,,,
,,,,,,,,,,,,,,,,,,,,,,,,,,,,,,,
,,,,,,,,,,,,,,,,,,,,,,,,,,,,,,,
,,,,,,,,,,,,,,,,,,,,,,,,,,,,,,,
,,,,,,,,,,,,,,,,,,,,,,,,,,,,,,,
,,,,,,,,,,,,,,,,,,,,,,,,,,,,,,,
,,,,,,,,,,,,,,,,,,,,,,,,,,,,,,,
,,,,,,,,,,,,,,,,,,,,,,,,,,,,,,,
,,,,,,,,,,,,,,,,,,,,,,,,,,,,,,,
,,,,,,,,,,,,,,,,,,,,,,,,,,,,,,,
,,,,,,,,,,,,,,,,,,,,,,,,,,,,,,,
,,,,,,,,,,,,,,,,,,,,,,,,,,,,,,,
,,,,,,,,,,,,,,,,,,,,,,,,,,,,,,,
,,,,,,,,,,,,,,,,,,,,,,,,,,,,,,,
,,,,,,,,,,,,,,,,,,,,,,,,,,,,,,,
,,,,,,,,,,,,,,,,,,,,,,,,,,,,,,,
,,,,,,,,,,,,,,,,,,,,,,,,,,,,,,,
,,,,,,,,,,,,,,,,,,,,,,,,,,,,,,,
,,,,,,,,,,,,,,,,,,,,,,,,,,,,,,,
,,,,,,,,,,,,,,,,,,,,,,,,,,,,,,,
,,,,,,,,,,,,,,,,,,,,,,,,,,,,,,,
,,,,,,,,,,,,,,,,,,,,,,,,,,,,,,,
,,,,,,,,,,,,,,,,,,,,,,,,,,,,,,,
,,,,,,,,,,,,,,,,,,,,,,,,,,,,,,,
,,,,,,,,,,,,,,,,,,,,,,,,,,,,,,,
,,,,,,,,,,,,,,,,,,,,,,,,,,,,,,,
,,,,,,,,,,,,,,,,,,,,,,,,,,,,,,,
,,,,,,,,,,,,,,,,,,,,,,,,,,,,,,,
,,,,,,,,,,,,,,,,,,,,,,,,,,,,,,,
,,,,,,,,,,,,,,,,,,,,,,,,,,,,,,,
,,,,,,,,,,,,,,,,,,,,,,,,,,,,,,,
,,,,,,,,,,,,,,,,,,,,,,,,,,,,,,,
,,,,,,,,,,,,,,,,,,,,,,,,,,,,,,,
,,,,,,,,,,,,,,,,,,,,,,,,,,,,,,,
,,,,,,,,,,,,,,,,,,,,,,,,,,,,,,,
,,,,,,,,,,,,,,,,,,,,,,,,,,,,,,,
,,,,,,,,,,,,,,,,,,,,,,,,,,,,,,,
,,,,,,,,,,,,,,,,,,,,,,,,,,,,,,,
,,,,,,,,,,,,,,,,,,,,,,,,,,,,,,,
,,,,,,,,,,,,,,,,,,,,,,,,,,,,,,,
,,,,,,,,,,,,,,,,,,,,,,,,,,,,,,,
,,,,,,,,,,,,,,,,,,,,,,,,,,,,,,,
,,,,,,,,,,,,,,,,,,,,,,,,,,,,,,,
,,,,,,,,,,,,,,,,,,,,,,,,,,,,,,,
,,,,,,,,,,,,,,,,,,,,,,,,,,,,,,,
,,,,,,,,,,,,,,,,,,,,,,,,,,,,,,,
,,,,,,,,,,,,,,,,,,,,,,,,,,,,,,,
,,,,,,,,,,,,,,,,,,,,,,,,,,,,,,,
,,,,,,,,,,,,,,,,,,,,,,,,,,,,,,,
,,,,,,,,,,,,,,,,,,,,,,,,,,,,,,,
,,,,,,,,,,,,,,,,,,,,,,,,,,,,,,,
,,,,,,,,,,,,,,,,,,,,,,,,,,,,,,,
,,,,,,,,,,,,,,,,,,,,,,,,,,,,,,,
,,,,,,,,,,,,,,,,,,,,,,,,,,,,,,,
,,,,,,,,,,,,,,,,,,,,,,,,,,,,,,,
,,,,,,,,,,,,,,,,,,,,,,,,,,,,,,,
,,,,,,,,,,,,,,,,,,,,,,,,,,,,,,,
,,,,,,,,,,,,,,,,,,,,,,,,,,,,,,,
,,,,,,,,,,,,,,,,,,,,,,,,,,,,,,,
,,,,,,,,,,,,,,,,,,,,,,,,,,,,,,,
,,,,,,,,,,,,,,,,,,,,,,,,,,,,,,,
,,,,,,,,,,,,,,,,,,,,,,,,,,,,,,,
,,,,,,,,,,,,,,,,,,,,,,,,,,,,,,,
,,,,,,,,,,,,,,,,,,,,,,,,,,,,,,,
,,,,,,,,,,,,,,,,,,,,,,,,,,,,,,,
,,,,,,,,,,,,,,,,,,,,,,,,,,,,,,,
,,,,,,,,,,,,,,,,,,,,,,,,,,,,,,,
,,,,,,,,,,,,,,,,,,,,,,,,,,,,,,,
,,,,,,,,,,,,,,,,,,,,,,,,,,,,,,,
,,,,,,,,,,,,,,,,,,,,,,,,,,,,,,,
,,,,,,,,,,,,,,,,,,,,,,,,,,,,,,,
,,,,,,,,,,,,,,,,,,,,,,,,,,,,,,,
,,,,,,,,,,,,,,,,,,,,,,,,,,,,,,,
,,,,,,,,,,,,,,,,,,,,,,,,,,,,,,,
,,,,,,,,,,,,,,,,,,,,,,,,,,,,,,,
,,,,,,,,,,,,,,,,,,,,,,,,,,,,,,,
,,,,,,,,,,,,,,,,,,,,,,,,,,,,,,,
,,,,,,,,,,,,,,,,,,,,,,,,,,,,,,,
,,,,,,,,,,,,,,,,,,,,,,,,,,,,,,,
,,,,,,,,,,,,,,,,,,,,,,,,,,,,,,,
,,,,,,,,,,,,,,,,,,,,,,,,,,,,,,,
,,,,,,,,,,,,,,,,,,,,,,,,,,,,,,,
,,,,,,,,,,,,,,,,,,,,,,,,,,,,,,,
,,,,,,,,,,,,,,,,,,,,,,,,,,,,,,,
,,,,,,,,,,,,,,,,,,,,,,,,,,,,,,,
,,,,,,,,,,,,,,,,,,,,,,,,,,,,,,,
,,,,,,,,,,,,,,,,,,,,,,,,,,,,,,,
,,,,,,,,,,,,,,,,,,,,,,,,,,,,,,,
,,,,,,,,,,,,,,,,,,,,,,,,,,,,,,,
,,,,,,,,,,,,,,,,,,,,,,,,,,,,,,,
,,,,,,,,,,,,,,,,,,,,,,,,,,,,,,,
,,,,,,,,,,,,,,,,,,,,,,,,,,,,,,,
,,,,,,,,,,,,,,,,,,,,,,,,,,,,,,,
,,,,,,,,,,,,,,,,,,,,,,,,,,,,,,,
,,,,,,,,,,,,,,,,,,,,,,,,,,,,,,,
,,,,,,,,,,,,,,,,,,,,,,,,,,,,,,,
,,,,,,,,,,,,,,,,,,,,,,,,,,,,,,,
,,,,,,,,,,,,,,,,,,,,,,,,,,,,,,,
,,,,,,,,,,,,,,,,,,,,,,,,,,,,,,,
,,,,,,,,,,,,,,,,,,,,,,,,,,,,,,,
,,,,,,,,,,,,,,,,,,,,,,,,,,,,,,,
,,,,,,,,,,,,,,,,,,,,,,,,,,,,,,,
,,,,,,,,,,,,,,,,,,,,,,,,,,,,,,,
,,,,,,,,,,,,,,,,,,,,,,,,,,,,,,,
,,,,,,,,,,,,,,,,,,,,,,,,,,,,,,,
,,,,,,,,,,,,,,,,,,,,,,,,,,,,,,,
,,,,,,,,,,,,,,,,,,,,,,,,,,,,,,,
,,,,,,,,,,,,,,,,,,,,,,,,,,,,,,,
,,,,,,,,,,,,,,,,,,,,,,,,,,,,,,,
,,,,,,,,,,,,,,,,,,,,,,,,,,,,,,,
,,,,,,,,,,,,,,,,,,,,,,,,,,,,,,,
,,,,,,,,,,,,,,,,,,,,,,,,,,,,,,,
,,,,,,,,,,,,,,,,,,,,,,,,,,,,,,,
,,,,,,,,,,,,,,,,,,,,,,,,,,,,,,,
,,,,,,,,,,,,,,,,,,,,,,,,,,,,,,,
,,,,,,,,,,,,,,,,,,,,,,,,,,,,,,,
,,,,,,,,,,,,,,,,,,,,,,,,,,,,,,,
,,,,,,,,,,,,,,,,,,,,,,,,,,,,,,,
,,,,,,,,,,,,,,,,,,,,,,,,,,,,,,,
,,,,,,,,,,,,,,,,,,,,,,,,,,,,,,,
,,,,,,,,,,,,,,,,,,,,,,,,,,,,,,,
,,,,,,,,,,,,,,,,,,,,,,,,,,,,,,,
,,,,,,,,,,,,,,,,,,,,,,,,,,,,,,,
,,,,,,,,,,,,,,,,,,,,,,,,,,,,,,,
,,,,,,,,,,,,,,,,,,,,,,,,,,,,,,,
,,,,,,,,,,,,,,,,,,,,,,,,,,,,,,,
,,,,,,,,,,,,,,,,,,,,,,,,,,,,,,,
,,,,,,,,,,,,,,,,,,,,,,,,,,,,,,,
,,,,,,,,,,,,,,,,,,,,,,,,,,,,,,,
,,,,,,,,,,,,,,,,,,,,,,,,,,,,,,,
,,,,,,,,,,,,,,,,,,,,,,,,,,,,,,,
,,,,,,,,,,,,,,,,,,,,,,,,,,,,,,,
,,,,,,,,,,,,,,,,,,,,,,,,,,,,,,,
,,,,,,,,,,,,,,,,,,,,,,,,,,,,,,,
,,,,,,,,,,,,,,,,,,,,,,,,,,,,,,,
,,,,,,,,,,,,,,,,,,,,,,,,,,,,,,,
,,,,,,,,,,,,,,,,,,,,,,,,,,,,,,,
,,,,,,,,,,,,,,,,,,,,,,,,,,,,,,,
,,,,,,,,,,,,,,,,,,,,,,,,,,,,,,,
,,,,,,,,,,,,,,,,,,,,,,,,,,,,,,,
,,,,,,,,,,,,,,,,,,,,,,,,,,,,,,,
,,,,,,,,,,,,,,,,,,,,,,,,,,,,,,,
,,,,,,,,,,,,,,,,,,,,,,,,,,,,,,,
,,,,,,,,,,,,,,,,,,,,,,,,,,,,,,,
,,,,,,,,,,,,,,,,,,,,,,,,,,,,,,,
,,,,,,,,,,,,,,,,,,,,,,,,,,,,,,,
,,,,,,,,,,,,,,,,,,,,,,,,,,,,,,,
,,,,,,,,,,,,,,,,,,,,,,,,,,,,,,,
,,,,,,,,,,,,,,,,,,,,,,,,,,,,,,,
,,,,,,,,,,,,,,,,,,,,,,,,,,,,,,,
,,,,,,,,,,,,,,,,,,,,,,,,,,,,,,,
,,,,,,,,,,,,,,,,,,,,,,,,,,,,,,,
,,,,,,,,,,,,,,,,,,,,,,,,,,,,,,,
,,,,,,,,,,,,,,,,,,,,,,,,,,,,,,,
,,,,,,,,,,,,,,,,,,,,,,,,,,,,,,,
,,,,,,,,,,,,,,,,,,,,,,,,,,,,,,,
,,,,,,,,,,,,,,,,,,,,,,,,,,,,,,,
,,,,,,,,,,,,,,,,,,,,,,,,,,,,,,,
,,,,,,,,,,,,,,,,,,,,,,,,,,,,,,,
,,,,,,,,,,,,,,,,,,,,,,,,,,,,,,,
,,,,,,,,,,,,,,,,,,,,,,,,,,,,,,,
,,,,,,,,,,,,,,,,,,,,,,,,,,,,,,,
,,,,,,,,,,,,,,,,,,,,,,,,,,,,,,,
,,,,,,,,,,,,,,,,,,,,,,,,,,,,,,,
,,,,,,,,,,,,,,,,,,,,,,,,,,,,,,,
,,,,,,,,,,,,,,,,,,,,,,,,,,,,,,,
,,,,,,,,,,,,,,,,,,,,,,,,,,,,,,,
,,,,,,,,,,,,,,,,,,,,,,,,,,,,,,,
,,,,,,,,,,,,,,,,,,,,,,,,,,,,,,,
,,,,,,,,,,,,,,,,,,,,,,,,,,,,,,,
,,,,,,,,,,,,,,,,,,,,,,,,,,,,,,,
,,,,,,,,,,,,,,,,,,,,,,,,,,,,,,,
,,,,,,,,,,,,,,,,,,,,,,,,,,,,,,,
,,,,,,,,,,,,,,,,,,,,,,,,,,,,,,,
,,,,,,,,,,,,,,,,,,,,,,,,,,,,,,,
,,,,,,,,,,,,,,,,,,,,,,,,,,,,,,,
,,,,,,,,,,,,,,,,,,,,,,,,,,,,,,,
,,,,,,,,,,,,,,,,,,,,,,,,,,,,,,,
,,,,,,,,,,,,,,,,,,,,,,,,,,,,,,,
,,,,,,,,,,,,,,,,,,,,,,,,,,,,,,,
,,,,,,,,,,,,,,,,,,,,,,,,,,,,,,,
,,,,,,,,,,,,,,,,,,,,,,,,,,,,,,,
,,,,,,,,,,,,,,,,,,,,,,,,,,,,,,,
,,,,,,,,,,,,,,,,,,,,,,,,,,,,,,,
,,,,,,,,,,,,,,,,,,,,,,,,,,,,,,,
,,,,,,,,,,,,,,,,,,,,,,,,,,,,,,,
,,,,,,,,,,,,,,,,,,,,,,,,,,,,,,,
,,,,,,,,,,,,,,,,,,,,,,,,,,,,,,,
,,,,,,,,,,,,,,,,,,,,,,,,,,,,,,,
,,,,,,,,,,,,,,,,,,,,,,,,,,,,,,,
,,,,,,,,,,,,,,,,,,,,,,,,,,,,,,,
,,,,,,,,,,,,,,,,,,,,,,,,,,,,,,,
,,,,,,,,,,,,,,,,,,,,,,,,,,,,,,,
,,,,,,,,,,,,,,,,,,,,,,,,,,,,,,,
,,,,,,,,,,,,,,,,,,,,,,,,,,,,,,,
,,,,,,,,,,,,,,,,,,,,,,,,,,,,,,,
,,,,,,,,,,,,,,,,,,,,,,,,,,,,,,,
,,,,,,,,,,,,,,,,,,,,,,,,,,,,,,,
,,,,,,,,,,,,,,,,,,,,,,,,,,,,,,,
,,,,,,,,,,,,,,,,,,,,,,,,,,,,,,,
,,,,,,,,,,,,,,,,,,,,,,,,,,,,,,,
,,,,,,,,,,,,,,,,,,,,,,,,,,,,,,,
,,,,,,,,,,,,,,,,,,,,,,,,,,,,,,,
,,,,,,,,,,,,,,,,,,,,,,,,,,,,,,,
,,,,,,,,,,,,,,,,,,,,,,,,,,,,,,,
,,,,,,,,,,,,,,,,,,,,,,,,,,,,,,,
,,,,,,,,,,,,,,,,,,,,,,,,,,,,,,,
,,,,,,,,,,,,,,,,,,,,,,,,,,,,,,,
,,,,,,,,,,,,,,,,,,,,,,,,,,,,,,,
,,,,,,,,,,,,,,,,,,,,,,,,,,,,,,,
,,,,,,,,,,,,,,,,,,,,,,,,,,,,,,,
,,,,,,,,,,,,,,,,,,,,,,,,,,,,,,,
,,,,,,,,,,,,,,,,,,,,,,,,,,,,,,,
,,,,,,,,,,,,,,,,,,,,,,,,,,,,,,,
,,,,,,,,,,,,,,,,,,,,,,,,,,,,,,,
,,,,,,,,,,,,,,,,,,,,,,,,,,,,,,,
,,,,,,,,,,,,,,,,,,,,,,,,,,,,,,,
,,,,,,,,,,,,,,,,,,,,,,,,,,,,,,,
,,,,,,,,,,,,,,,,,,,,,,,,,,,,,,,
,,,,,,,,,,,,,,,,,,,,,,,,,,,,,,,
,,,,,,,,,,,,,,,,,,,,,,,,,,,,,,,
,,,,,,,,,,,,,,,,,,,,,,,,,,,,,,,
,,,,,,,,,,,,,,,,,,,,,,,,,,,,,,,
,,,,,,,,,,,,,,,,,,,,,,,,,,,,,,,
,,,,,,,,,,,,,,,,,,,,,,,,,,,,,,,
,,,,,,,,,,,,,,,,,,,,,,,,,,,,,,,
,,,,,,,,,,,,,,,,,,,,,,,,,,,,,,,
,,,,,,,,,,,,,,,,,,,,,,,,,,,,,,,
,,,,,,,,,,,,,,,,,,,,,,,,,,,,,,,
,,,,,,,,,,,,,,,,,,,,,,,,,,,,,,,
,,,,,,,,,,,,,,,,,,,,,,,,,,,,,,,
,,,,,,,,,,,,,,,,,,,,,,,,,,,,,,,
,,,,,,,,,,,,,,,,,,,,,,,,,,,,,,,
,,,,,,,,,,,,,,,,,,,,,,,,,,,,,,,
,,,,,,,,,,,,,,,,,,,,,,,,,,,,,,,
,,,,,,,,,,,,,,,,,,,,,,,,,,,,,,,
,,,,,,,,,,,,,,,,,,,,,,,,,,,,,,,
,,,,,,,,,,,,,,,,,,,,,,,,,,,,,,,
,,,,,,,,,,,,,,,,,,,,,,,,,,,,,,,
,,,,,,,,,,,,,,,,,,,,,,,,,,,,,,,
,,,,,,,,,,,,,,,,,,,,,,,,,,,,,,,
,,,,,,,,,,,,,,,,,,,,,,,,,,,,,,,
,,,,,,,,,,,,,,,,,,,,,,,,,,,,,,,
,,,,,,,,,,,,,,,,,,,,,,,,,,,,,,,
,,,,,,,,,,,,,,,,,,,,,,,,,,,,,,,
,,,,,,,,,,,,,,,,,,,,,,,,,,,,,,,
,,,,,,,,,,,,,,,,,,,,,,,,,,,,,,,
,,,,,,,,,,,,,,,,,,,,,,,,,,,,,,,
,,,,,,,,,,,,,,,,,,,,,,,,,,,,,,,
,,,,,,,,,,,,,,,,,,,,,,,,,,,,,,,
,,,,,,,,,,,,,,,,,,,,,,,,,,,,,,,
,,,,,,,,,,,,,,,,,,,,,,,,,,,,,,,
,,,,,,,,,,,,,,,,,,,,,,,,,,,,,,,
,,,,,,,,,,,,,,,,,,,,,,,,,,,,,,,
,,,,,,,,,,,,,,,,,,,,,,,,,,,,,,,
,,,,,,,,,,,,,,,,,,,,,,,,,,,,,,,
,,,,,,,,,,,,,,,,,,,,,,,,,,,,,,,
,,,,,,,,,,,,,,,,,,,,,,,,,,,,,,,
,,,,,,,,,,,,,,,,,,,,,,,,,,,,,,,
,,,,,,,,,,,,,,,,,,,,,,,,,,,,,,,
,,,,,,,,,,,,,,,,,,,,,,,,,,,,,,,
,,,,,,,,,,,,,,,,,,,,,,,,,,,,,,,
,,,,,,,,,,,,,,,,,,,,,,,,,,,,,,,
,,,,,,,,,,,,,,,,,,,,,,,,,,,,,,,
,,,,,,,,,,,,,,,,,,,,,,,,,,,,,,,
,,,,,,,,,,,,,,,,,,,,,,,,,,,,,,,
,,,,,,,,,,,,,,,,,,,,,,,,,,,,,,,
,,,,,,,,,,,,,,,,,,,,,,,,,,,,,,,
,,,,,,,,,,,,,,,,,,,,,,,,,,,,,,,
,,,,,,,,,,,,,,,,,,,,,,,,,,,,,,,
,,,,,,,,,,,,,,,,,,,,,,,,,,,,,,,
,,,,,,,,,,,,,,,,,,,,,,,,,,,,,,,
,,,,,,,,,,,,,,,,,,,,,,,,,,,,,,,
,,,,,,,,,,,,,,,,,,,,,,,,,,,,,,,
,,,,,,,,,,,,,,,,,,,,,,,,,,,,,,,
,,,,,,,,,,,,,,,,,,,,,,,,,,,,,,,
,,,,,,,,,,,,,,,,,,,,,,,,,,,,,,,
,,,,,,,,,,,,,,,,,,,,,,,,,,,,,,,
,,,,,,,,,,,,,,,,,,,,,,,,,,,,,,,
,,,,,,,,,,,,,,,,,,,,,,,,,,,,,,,
,,,,,,,,,,,,,,,,,,,,,,,,,,,,,,,
,,,,,,,,,,,,,,,,,,,,,,,,,,,,,,,
,,,,,,,,,,,,,,,,,,,,,,,,,,,,,,,
,,,,,,,,,,,,,,,,,,,,,,,,,,,,,,,
,,,,,,,,,,,,,,,,,,,,,,,,,,,,,,,
,,,,,,,,,,,,,,,,,,,,,,,,,,,,,,,
,,,,,,,,,,,,,,,,,,,,,,,,,,,,,,,
,,,,,,,,,,,,,,,,,,,,,,,,,,,,,,,
,,,,,,,,,,,,,,,,,,,,,,,,,,,,,,,
,,,,,,,,,,,,,,,,,,,,,,,,,,,,,,,
,,,,,,,,,,,,,,,,,,,,,,,,,,,,,,,
,,,,,,,,,,,,,,,,,,,,,,,,,,,,,,,
,,,,,,,,,,,,,,,,,,,,,,,,,,,,,,,
,,,,,,,,,,,,,,,,,,,,,,,,,,,,,,,
,,,,,,,,,,,,,,,,,,,,,,,,,,,,,,,
,,,,,,,,,,,,,,,,,,,,,,,,,,,,,,,
,,,,,,,,,,,,,,,,,,,,,,,,,,,,,,,
,,,,,,,,,,,,,,,,,,,,,,,,,,,,,,,
,,,,,,,,,,,,,,,,,,,,,,,,,,,,,,,
,,,,,,,,,,,,,,,,,,,,,,,,,,,,,,,
,,,,,,,,,,,,,,,,,,,,,,,,,,,,,,,
,,,,,,,,,,,,,,,,,,,,,,,,,,,,,,,
,,,,,,,,,,,,,,,,,,,,,,,,,,,,,,,
,,,,,,,,,,,,,,,,,,,,,,,,,,,,,,,
,,,,,,,,,,,,,,,,,,,,,,,,,,,,,,,
,,,,,,,,,,,,,,,,,,,,,,,,,,,,,,,
,,,,,,,,,,,,,,,,,,,,,,,,,,,,,,,
,,,,,,,,,,,,,,,,,,,,,,,,,,,,,,,
,,,,,,,,,,,,,,,,,,,,,,,,,,,,,,,
,,,,,,,,,,,,,,,,,,,,,,,,,,,,,,,
,,,,,,,,,,,,,,,,,,,,,,,,,,,,,,,
,,,,,,,,,,,,,,,,,,,,,,,,,,,,,,,
,,,,,,,,,,,,,,,,,,,,,,,,,,,,,,,
,,,,,,,,,,,,,,,,,,,,,,,,,,,,,,,
,,,,,,,,,,,,,,,,,,,,,,,,,,,,,,,
,,,,,,,,,,,,,,,,,,,,,,,,,,,,,,,
,,,,,,,,,,,,,,,,,,,,,,,,,,,,,,,
,,,,,,,,,,,,,,,,,,,,,,,,,,,,,,,
,,,,,,,,,,,,,,,,,,,,,,,,,,,,,,,
,,,,,,,,,,,,,,,,,,,,,,,,,,,,,,,
,,,,,,,,,,,,,,,,,,,,,,,,,,,,,,,
,,,,,,,,,,,,,,,,,,,,,,,,,,,,,,,
,,,,,,,,,,,,,,,,,,,,,,,,,,,,,,,
,,,,,,,,,,,,,,,,,,,,,,,,,,,,,,,
,,,,,,,,,,,,,,,,,,,,,,,,,,,,,,,
,,,,,,,,,,,,,,,,,,,,,,,,,,,,,,,
,,,,,,,,,,,,,,,,,,,,,,,,,,,,,,,
,,,,,,,,,,,,,,,,,,,,,,,,,,,,,,,
,,,,,,,,,,,,,,,,,,,,,,,,,,,,,,,
,,,,,,,,,,,,,,,,,,,,,,,,,,,,,,,
,,,,,,,,,,,,,,,,,,,,,,,,,,,,,,,
,,,,,,,,,,,,,,,,,,,,,,,,,,,,,,,
,,,,,,,,,,,,,,,,,,,,,,,,,,,,,,,
,,,,,,,,,,,,,,,,,,,,,,,,,,,,,,,
,,,,,,,,,,,,,,,,,,,,,,,,,,,,,,,
,,,,,,,,,,,,,,,,,,,,,,,,,,,,,,,
,,,,,,,,,,,,,,,,,,,,,,,,,,,,,,,
,,,,,,,,,,,,,,,,,,,,,,,,,,,,,,,
,,,,,,,,,,,,,,,,,,,,,,,,,,,,,,,
,,,,,,,,,,,,,,,,,,,,,,,,,,,,,,,
,,,,,,,,,,,,,,,,,,,,,,,,,,,,,,,
,,,,,,,,,,,,,,,,,,,,,,,,,,,,,,,
,,,,,,,,,,,,,,,,,,,,,,,,,,,,,,,
,,,,,,,,,,,,,,,,,,,,,,,,,,,,,,,
,,,,,,,,,,,,,,,,,,,,,,,,,,,,,,,
,,,,,,,,,,,,,,,,,,,,,,,,,,,,,,,
,,,,,,,,,,,,,,,,,,,,,,,,,,,,,,,
,,,,,,,,,,,,,,,,,,,,,,,,,,,,,,,
,,,,,,,,,,,,,,,,,,,,,,,,,,,,,,,
,,,,,,,,,,,,,,,,,,,,,,,,,,,,,,,
,,,,,,,,,,,,,,,,,,,,,,,,,,,,,,,
,,,,,,,,,,,,,,,,,,,,,,,,,,,,,,,
,,,,,,,,,,,,,,,,,,,,,,,,,,,,,,,
,,,,,,,,,,,,,,,,,,,,,,,,,,,,,,,
,,,,,,,,,,,,,,,,,,,,,,,,,,,,,,,
,,,,,,,,,,,,,,,,,,,,,,,,,,,,,,,
,,,,,,,,,,,,,,,,,,,,,,,,,,,,,,,
,,,,,,,,,,,,,,,,,,,,,,,,,,,,,,,
,,,,,,,,,,,,,,,,,,,,,,,,,,,,,,,
,,,,,,,,,,,,,,,,,,,,,,,,,,,,,,,
,,,,,,,,,,,,,,,,,,,,,,,,,,,,,,,
,,,,,,,,,,,,,,,,,,,,,,,,,,,,,,,
,,,,,,,,,,,,,,,,,,,,,,,,,,,,,,,
,,,,,,,,,,,,,,,,,,,,,,,,,,,,,,,
,,,,,,,,,,,,,,,,,,,,,,,,,,,,,,,
,,,,,,,,,,,,,,,,,,,,,,,,,,,,,,,
,,,,,,,,,,,,,,,,,,,,,,,,,,,,,,,
,,,,,,,,,,,,,,,,,,,,,,,,,,,,,,,
,,,,,,,,,,,,,,,,,,,,,,,,,,,,,,,
,,,,,,,,,,,,,,,,,,,,,,,,,,,,,,,
,,,,,,,,,,,,,,,,,,,,,,,,,,,,,,,
,,,,,,,,,,,,,,,,,,,,,,,,,,,,,,,
,,,,,,,,,,,,,,,,,,,,,,,,,,,,,,,
,,,,,,,,,,,,,,,,,,,,,,,,,,,,,,,
,,,,,,,,,,,,,,,,,,,,,,,,,,,,,,,
,,,,,,,,,,,,,,,,,,,,,,,,,,,,,,,
,,,,,,,,,,,,,,,,,,,,,,,,,,,,,,,
,,,,,,,,,,,,,,,,,,,,,,,,,,,,,,,
,,,,,,,,,,,,,,,,,,,,,,,,,,,,,,,
,,,,,,,,,,,,,,,,,,,,,,,,,,,,,,,
,,,,,,,,,,,,,,,,,,,,,,,,,,,,,,,
,,,,,,,,,,,,,,,,,,,,,,,,,,,,,,,
,,,,,,,,,,,,,,,,,,,,,,,,,,,,,,,
,,,,,,,,,,,,,,,,,,,,,,,,,,,,,,,
,,,,,,,,,,,,,,,,,,,,,,,,,,,,,,,
,,,,,,,,,,,,,,,,,,,,,,,,,,,,,,,
,,,,,,,,,,,,,,,,,,,,,,,,,,,,,,,
,,,,,,,,,,,,,,,,,,,,,,,,,,,,,,,
,,,,,,,,,,,,,,,,,,,,,,,,,,,,,,,
,,,,,,,,,,,,,,,,,,,,,,,,,,,,,,,
,,,,,,,,,,,,,,,,,,,,,,,,,,,,,,,
,,,,,,,,,,,,,,,,,,,,,,,,,,,,,,,
,,,,,,,,,,,,,,,,,,,,,,,,,,,,,,,
,,,,,,,,,,,,,,,,,,,,,,,,,,,,,,,
,,,,,,,,,,,,,,,,,,,,,,,,,,,,,,,
,,,,,,,,,,,,,,,,,,,,,,,,,,,,,,,
,,,,,,,,,,,,,,,,,,,,,,,,,,,,,,,
,,,,,,,,,,,,,,,,,,,,,,,,,,,,,,,
,,,,,,,,,,,,,,,,,,,,,,,,,,,,,,,
,,,,,,,,,,,,,,,,,,,,,,,,,,,,,,,
,,,,,,,,,,,,,,,,,,,,,,,,,,,,,,,
,,,,,,,,,,,,,,,,,,,,,,,,,,,,,,,
,,,,,,,,,,,,,,,,,,,,,,,,,,,,,,,
,,,,,,,,,,,,,,,,,,,,,,,,,,,,,,,
,,,,,,,,,,,,,,,,,,,,,,,,,,,,,,,
,,,,,,,,,,,,,,,,,,,,,,,,,,,,,,,
,,,,,,,,,,,,,,,,,,,,,,,,,,,,,,,
,,,,,,,,,,,,,,,,,,,,,,,,,,,,,,,
,,,,,,,,,,,,,,,,,,,,,,,,,,,,,,,
,,,,,,,,,,,,,,,,,,,,,,,,,,,,,,,
,,,,,,,,,,,,,,,,,,,,,,,,,,,,,,,
,,,,,,,,,,,,,,,,,,,,,,,,,,,,,,,
,,,,,,,,,,,,,,,,,,,,,,,,,,,,,,,
,,,,,,,,,,,,,,,,,,,,,,,,,,,,,,,
,,,,,,,,,,,,,,,,,,,,,,,,,,,,,,,
,,,,,,,,,,,,,,,,,,,,,,,,,,,,,,,
,,,,,,,,,,,,,,,,,,,,,,,,,,,,,,,
,,,,,,,,,,,,,,,,,,,,,,,,,,,,,,,
,,,,,,,,,,,,,,,,,,,,,,,,,,,,,,,
,,,,,,,,,,,,,,,,,,,,,,,,,,,,,,,
,,,,,,,,,,,,,,,,,,,,,,,,,,,,,,,
,,,,,,,,,,,,,,,,,,,,,,,,,,,,,,,
,,,,,,,,,,,,,,,,,,,,,,,,,,,,,,,
,,,,,,,,,,,,,,,,,,,,,,,,,,,,,,,
,,,,,,,,,,,,,,,,,,,,,,,,,,,,,,,
,,,,,,,,,,,,,,,,,,,,,,,,,,,,,,,
,,,,,,,,,,,,,,,,,,,,,,,,,,,,,,,
,,,,,,,,,,,,,,,,,,,,,,,,,,,,,,,
,,,,,,,,,,,,,,,,,,,,,,,,,,,,,,,
,,,,,,,,,,,,,,,,,,,,,,,,,,,,,,,
,,,,,,,,,,,,,,,,,,,,,,,,,,,,,,,
,,,,,,,,,,,,,,,,,,,,,,,,,,,,,,,
,,,,,,,,,,,,,,,,,,,,,,,,,,,,,,,
,,,,,,,,,,,,,,,,,,,,,,,,,,,,,,,
,,,,,,,,,,,,,,,,,,,,,,,,,,,,,,,
,,,,,,,,,,,,,,,,,,,,,,,,,,,,,,,
,,,,,,,,,,,,,,,,,,,,,,,,,,,,,,,
,,,,,,,,,,,,,,,,,,,,,,,,,,,,,,,
,,,,,,,,,,,,,,,,,,,,,,,,,,,,,,,
,,,,,,,,,,,,,,,,,,,,,,,,,,,,,,,
,,,,,,,,,,,,,,,,,,,,,,,,,,,,,,,
,,,,,,,,,,,,,,,,,,,,,,,,,,,,,,,
,,,,,,,,,,,,,,,,,,,,,,,,,,,,,,,
,,,,,,,,,,,,,,,,,,,,,,,,,,,,,,,
,,,,,,,,,,,,,,,,,,,,,,,,,,,,,,,
,,,,,,,,,,,,,,,,,,,,,,,,,,,,,,,
,,,,,,,,,,,,,,,,,,,,,,,,,,,,,,,
,,,,,,,,,,,,,,,,,,,,,,,,,,,,,,,
,,,,,,,,,,,,,,,,,,,,,,,,,,,,,,,
,,,,,,,,,,,,,,,,,,,,,,,,,,,,,,,
,,,,,,,,,,,,,,,,,,,,,,,,,,,,,,,
,,,,,,,,,,,,,,,,,,,,,,,,,,,,,,,
,,,,,,,,,,,,,,,,,,,,,,,,,,,,,,,
,,,,,,,,,,,,,,,,,,,,,,,,,,,,,,,
,,,,,,,,,,,,,,,,,,,,,,,,,,,,,,,
,,,,,,,,,,,,,,,,,,,,,,,,,,,,,,,
,,,,,,,,,,,,,,,,,,,,,,,,,,,,,,,
,,,,,,,,,,,,,,,,,,,,,,,,,,,,,,,
,,,,,,,,,,,,,,,,,,,,,,,,,,,,,,,
,,,,,,,,,,,,,,,,,,,,,,,,,,,,,,,
,,,,,,,,,,,,,,,,,,,,,,,,,,,,,,,
,,,,,,,,,,,,,,,,,,,,,,,,,,,,,,,
,,,,,,,,,,,,,,,,,,,,,,,,,,,,,,,
,,,,,,,,,,,,,,,,,,,,,,,,,,,,,,,
,,,,,,,,,,,,,,,,,,,,,,,,,,,,,,,
,,,,,,,,,,,,,,,,,,,,,,,,,,,,,,,
,,,,,,,,,,,,,,,,,,,,,,,,,,,,,,,
,,,,,,,,,,,,,,,,,,,,,,,,,,,,,,,
,,,,,,,,,,,,,,,,,,,,,,,,,,,,,,,
,,,,,,,,,,,,,,,,,,,,,,,,,,,,,,,
,,,,,,,,,,,,,,,,,,,,,,,,,,,,,,,
,,,,,,,,,,,,,,,,,,,,,,,,,,,,,,,
,,,,,,,,,,,,,,,,,,,,,,,,,,,,,,,
,,,,,,,,,,,,,,,,,,,,,,,,,,,,,,,
,,,,,,,,,,,,,,,,,,,,,,,,,,,,,,,
,,,,,,,,,,,,,,,,,,,,,,,,,,,,,,,
,,,,,,,,,,,,,,,,,,,,,,,,,,,,,,,
,,,,,,,,,,,,,,,,,,,,,,,,,,,,,,,
,,,,,,,,,,,,,,,,,,,,,,,,,,,,,,,
,,,,,,,,,,,,,,,,,,,,,,,,,,,,,,,
,,,,,,,,,,,,,,,,,,,,,,,,,,,,,,,
,,,,,,,,,,,,,,,,,,,,,,,,,,,,,,,
,,,,,,,,,,,,,,,,,,,,,,,,,,,,,,,
,,,,,,,,,,,,,,,,,,,,,,,,,,,,,,,
,,,,,,,,,,,,,,,,,,,,,,,,,,,,,,,
,,,,,,,,,,,,,,,,,,,,,,,,,,,,,,,
,,,,,,,,,,,,,,,,,,,,,,,,,,,,,,,
,,,,,,,,,,,,,,,,,,,,,,,,,,,,,,,
,,,,,,,,,,,,,,,,,,,,,,,,,,,,,,,
,,,,,,,,,,,,,,,,,,,,,,,,,,,,,,,
,,,,,,,,,,,,,,,,,,,,,,,,,,,,,,,
,,,,,,,,,,,,,,,,,,,,,,,,,,,,,,,
,,,,,,,,,,,,,,,,,,,,,,,,,,,,,,,
,,,,,,,,,,,,,,,,,,,,,,,,,,,,,,,
,,,,,,,,,,,,,,,,,,,,,,,,,,,,,,,
,,,,,,,,,,,,,,,,,,,,,,,,,,,,,,,
,,,,,,,,,,,,,,,,,,,,,,,,,,,,,,,
,,,,,,,,,,,,,,,,,,,,,,,,,,,,,,,
,,,,,,,,,,,,,,,,,,,,,,,,,,,,,,,
,,,,,,,,,,,,,,,,,,,,,,,,,,,,,,,
,,,,,,,,,,,,,,,,,,,,,,,,,,,,,,,
,,,,,,,,,,,,,,,,,,,,,,,,,,,,,,,
,,,,,,,,,,,,,,,,,,,,,,,,,,,,,,,
,,,,,,,,,,,,,,,,,,,,,,,,,,,,,,,
,,,,,,,,,,,,,,,,,,,,,,,,,,,,,,,
,,,,,,,,,,,,,,,,,,,,,,,,,,,,,,,
,,,,,,,,,,,,,,,,,,,,,,,,,,,,,,,
,,,,,,,,,,,,,,,,,,,,,,,,,,,,,,,
,,,,,,,,,,,,,,,,,,,,,,,,,,,,,,,
,,,,,,,,,,,,,,,,,,,,,,,,,,,,,,,
,,,,,,,,,,,,,,,,,,,,,,,,,,,,,,,
,,,,,,,,,,,,,,,,,,,,,,,,,,,,,,,
,,,,,,,,,,,,,,,,,,,,,,,,,,,,,,,
,,,,,,,,,,,,,,,,,,,,,,,,,,,,,,,
,,,,,,,,,,,,,,,,,,,,,,,,,,,,,,,
,,,,,,,,,,,,,,,,,,,,,,,,,,,,,,,
,,,,,,,,,,,,,,,,,,,,,,,,,,,,,,,
,,,,,,,,,,,,,,,,,,,,,,,,,,,,,,,
,,,,,,,,,,,,,,,,,,,,,,,,,,,,,,,
,,,,,,,,,,,,,,,,,,,,,,,,,,,,,,,
,,,,,,,,,,,,,,,,,,,,,,,,,,,,,,,
,,,,,,,,,,,,,,,,,,,,,,,,,,,,,,,
,,,,,,,,,,,,,,,,,,,,,,,,,,,,,,,
,,,,,,,,,,,,,,,,,,,,,,,,,,,,,,,
,,,,,,,,,,,,,,,,,,,,,,,,,,,,,,,
,,,,,,,,,,,,,,,,,,,,,,,,,,,,,,,
,,,,,,,,,,,,,,,,,,,,,,,,,,,,,,,
,,,,,,,,,,,,,,,,,,,,,,,,,,,,,,,
,,,,,,,,,,,,,,,,,,,,,,,,,,,,,,,
,,,,,,,,,,,,,,,,,,,,,,,,,,,,,,,
,,,,,,,,,,,,,,,,,,,,,,,,,,,,,,,
,,,,,,,,,,,,,,,,,,,,,,,,,,,,,,,
,,,,,,,,,,,,,,,,,,,,,,,,,,,,,,,
,,,,,,,,,,,,,,,,,,,,,,,,,,,,,,,
,,,,,,,,,,,,,,,,,,,,,,,,,,,,,,,
,,,,,,,,,,,,,,,,,,,,,,,,,,,,,,,
,,,,,,,,,,,,,,,,,,,,,,,,,,,,,,,
,,,,,,,,,,,,,,,,,,,,,,,,,,,,,,,
